{"handholds": {"hold23": {"width": 0.3541666666666667, "positionX": 17.6875, "positionY": 4.124999999999999, "crumble": 0, "slip": 0, "restitution": 1, "friction": 1, "height": 0.3541666666666667}, "hold22": {"width": 0.3371212121212121, "positionX": 18.61931818181818, "positionY": 16.681818181818183, "crumble": 0, "slip": 0, "restitution": 1, "friction": 1, "height": 0.3371212121212121}, "hold21": {"width": 0.3371212121212121, "positionX": 20.36931818181818, "positionY": 16.306818181818183, "crumble": 0, "slip": 0, "restitution": 1, "friction": 1, "height": 0.3371212121212121}, "hold20": {"width": 0.3371212121212121, "positionX": 19.86931818181818, "positionY": 14.869318181818183, "crumble": 0, "slip": 0, "restitution": 1, "friction": 1, "height": 0.3371212121212121}, "hold24": {"width": 0.3541666666666667, "positionX": 19.96875, "positionY": 6.656249999999999, "crumble": 0, "slip": 0, "restitution": 1, "friction": 1, "height": 0.3541666666666667}, "hold8": {"width": 0.3371212121212121, "positionX": 10.369318181818182, "positionY": 11.30681818181818, "crumble": 0, "slip": 0, "restitution": 1, "friction": 1, "height": 0.3371212121212121}, "hold9": {"width": 0.3371212121212121, "positionX": 11.994318181818178, "positionY": 12.994318181818182, "crumble": 0, "slip": 0, "restitution": 1, "friction": 1, "height": 0.3371212121212121}, "hold0": {"width": 0.3371212121212121, "positionX": 19.80681818181818, "positionY": 1.4943181818181823, "crumble": 0, "slip": 0, "restitution": 1, "friction": 1, "height": 0.3371212121212121}, "hold1": {"width": 0.3371212121212121, "positionX": 15.056818181818182, "positionY": 1.4943181818181823, "crumble": 0, "slip": 0, "restitution": 1, "friction": 1, "height": 0.3371212121212121}, "hold2": {"width": 0.3371212121212121, "positionX": 16.80681818181818, "positionY": 2.9318181818181825, "crumble": 0, "slip": 0, "restitution": 1, "friction": 1, "height": 0.3371212121212121}, "hold3": {"width": 0.3371212121212121, "positionX": 12.431818181818182, "positionY": 4.11931818181818, "crumble": 0, "slip": 0, "restitution": 1, "friction": 1, "height": 0.3371212121212121}, "hold4": {"width": 0.3371212121212121, "positionX": 13.681818181818182, "positionY": 5.431818181818182, "crumble": 0, "slip": 0, "restitution": 1, "friction": 1, "height": 0.3371212121212121}, "hold5": {"width": 0.3371212121212121, "positionX": 11.431818181818182, "positionY": 7.18181818181818, "crumble": 0, "slip": 0, "restitution": 1, "friction": 1, "height": 0.3371212121212121}, "hold6": {"width": 0.3371212121212121, "positionX": 13.619318181818185, "positionY": 9.619318181818182, "crumble": 0, "slip": 0, "restitution": 1, "friction": 1, "height": 0.3371212121212121}, "hold7": {"width": 0.3371212121212121, "positionX": 11.119318181818182, "positionY": 10.369318181818183, "crumble": 0, "slip": 0, "restitution": 1, "friction": 1, "height": 0.3371212121212121}, "hold12": {"width": 0.3371212121212121, "positionX": 15.056818181818182, "positionY": 16.744318181818183, "crumble": 0, "slip": 0, "restitution": 1, "friction": 1, "height": 0.3371212121212121}, "hold13": {"width": 0.3371212121212121, "positionX": 16.61931818181818, "positionY": 15.869318181818182, "crumble": 0, "slip": 0, "restitution": 1, "friction": 1, "height": 0.3371212121212121}, "hold10": {"width": 0.3371212121212121, "positionX": 13.619318181818185, "positionY": 14.74431818181818, "crumble": 0, "slip": 0, "restitution": 1, "friction": 1, "height": 0.3371212121212121}, "hold11": {"width": 0.3371212121212121, "positionX": 14.244318181818182, "positionY": 13.86931818181818, "crumble": 0, "slip": 0, "restitution": 1, "friction": 1, "height": 0.3371212121212121}, "hold16": {"width": 0.3371212121212121, "positionX": 19.80681818181818, "positionY": 10.24431818181818, "crumble": 0, "slip": 0, "restitution": 1, "friction": 1, "height": 0.3371212121212121}, "hold17": {"width": 0.3371212121212121, "positionX": 22.61931818181818, "positionY": 11.369318181818182, "crumble": 0, "slip": 0, "restitution": 1, "friction": 1, "height": 0.3371212121212121}, "hold14": {"width": 0.3371212121212121, "positionX": 16.80681818181818, "positionY": 18.744318181818183, "crumble": 0, "slip": 0, "restitution": 1, "friction": 1, "height": 0.3371212121212121}, "hold15": {"width": 0.3371212121212121, "positionX": 20.68181818181818, "positionY": 9.431818181818182, "crumble": 0, "slip": 0, "restitution": 1, "friction": 1, "height": 0.3371212121212121}, "hold18": {"width": 0.3371212121212121, "positionX": 21.11931818181818, "positionY": 12.43181818181818, "crumble": 0, "slip": 0, "restitution": 1, "friction": 1, "height": 0.3371212121212121}, "hold19": {"width": 0.3371212121212121, "positionX": 22.74431818181818, "positionY": 14.119318181818182, "crumble": 0, "slip": 0, "restitution": 1, "friction": 1, "height": 0.3371212121212121}}, "obstacles": {}, "difficulty": "notRanked", "static": {"obstacle0": {"y": 15.437500000000004, "x": 8.125, "size": 1.6666666666666667}, "obstacle1": {"y": 15.375, "x": 10.25, "size": 1.6666666666666667}, "obstacle2": {"y": 15.6875, "x": 19.0625, "size": 1.6666666666666667}, "obstacle3": {"y": 10.500000000000002, "x": 14.874999999999996, "size": 1.6666666666666667}}, "id": 15, "size": 21.237464522232727}