{"difficulty": "medium", "obstacles": {"obstacle0": {"width": 1.6666666666666667, "frequency": 803.0357142857141, "originY": 44.5, "originX": 8.8125, "height": 1.6666666666666667}, "obstacle1": {"width": 1.6666666666666667, "frequency": 803.0357142857141, "originY": 44.9375, "originX": 21.25, "height": 1.6666666666666667}}, "static": {"obstacle23": {"y": 12.062500000000004, "x": 9.75, "size": 0.3333333333333333}, "obstacle22": {"y": 8.937500000000002, "x": 10.312499999999996, "size": 0.3333333333333333}, "obstacle21": {"y": 16.6875, "x": 16.5625, "size": 0.3333333333333333}, "obstacle20": {"y": 18.5625, "x": 15.1875, "size": 0.3333333333333333}, "obstacle25": {"y": 17.062499999999996, "x": 10.437500000000004, "size": 0.3333333333333333}, "obstacle24": {"y": 14.0, "x": 9.75, "size": 0.3333333333333333}, "obstacle8": {"y": 19.4375, "x": 19.75, "size": 0.3333333333333333}, "obstacle9": {"y": 20.812500000000004, "x": 18.25, "size": 0.3333333333333333}, "obstacle0": {"y": 17.812500000000004, "x": 12.125, "size": 0.3333333333333333}, "obstacle1": {"y": 18.1875, "x": 13.375, "size": 0.3333333333333333}, "obstacle2": {"y": 12.812500000000002, "x": 13.75, "size": 0.3333333333333333}, "obstacle3": {"y": 11.937500000000002, "x": 15.125, "size": 0.3333333333333333}, "obstacle4": {"y": 10.937500000000002, "x": 18.75, "size": 0.3333333333333333}, "obstacle5": {"y": 12.5625, "x": 19.8125, "size": 0.3333333333333333}, "obstacle6": {"y": 14.687500000000002, "x": 20.5625, "size": 0.3333333333333333}, "obstacle7": {"y": 17.4375, "x": 20.1875, "size": 0.3333333333333333}, "obstacle18": {"y": 20.812500000000004, "x": 11.4375, "size": 0.3333333333333333}, "obstacle19": {"y": 19.875, "x": 12.6875, "size": 0.3333333333333333}, "obstacle12": {"y": 23.812499999999996, "x": 19.0625, "size": 0.3333333333333333}, "obstacle13": {"y": 25.9375, "x": 13.4375, "size": 0.3333333333333333}, "obstacle10": {"y": 22.1875, "x": 16.25, "size": 0.3333333333333333}, "obstacle11": {"y": 23.562500000000004, "x": 16.3125, "size": 0.3333333333333333}, "obstacle16": {"y": 21.75, "x": 10.187499999999996, "size": 0.3333333333333333}, "obstacle17": {"y": 24.9375, "x": 11.750000000000004, "size": 0.3333333333333333}, "obstacle14": {"y": 26.875, "x": 14.75, "size": 0.3333333333333333}, "obstacle15": {"y": 23.250000000000004, "x": 9.8125, "size": 0.3333333333333333}}, "handholds": {"hold29": {"width": 0.3333333333333333, "positionX": 13.625, "positionY": 8.187500000000004, "crumble": 0, "slip": 0, "restitution": 1, "friction": 1, "height": 0.3333333333333333}, "hold28": {"width": 0.3333333333333333, "positionX": 15.0, "positionY": 28.437500000000004, "crumble": 0, "slip": 0, "restitution": 1, "friction": 1, "height": 0.3333333333333333}, "hold44": {"width": 0.3333333333333333, "positionX": 20.5625, "positionY": 21.999999999999996, "crumble": 0, "slip": 0, "restitution": 1, "friction": 1, "height": 0.3333333333333333}, "hold23": {"width": 0.3333333333333333, "positionX": 16.6875, "positionY": 25.1875, "crumble": 0, "slip": 0, "restitution": 1, "friction": 1, "height": 0.3333333333333333}, "hold22": {"width": 0.3333333333333333, "positionX": 15.0625, "positionY": 24.9375, "crumble": 0, "slip": 0, "restitution": 1, "friction": 1, "height": 0.3333333333333333}, "hold21": {"width": 0.3333333333333333, "positionX": 14.0, "positionY": 23.937499999999996, "crumble": 0, "slip": 0, "restitution": 1, "friction": 1, "height": 0.3333333333333333}, "hold20": {"width": 0.3333333333333333, "positionX": 12.875, "positionY": 23.687500000000004, "crumble": 0, "slip": 0, "restitution": 1, "friction": 1, "height": 0.3333333333333333}, "hold27": {"width": 0.3333333333333333, "positionX": 13.4375, "positionY": 29.0625, "crumble": 0, "slip": 0, "restitution": 1, "friction": 1, "height": 0.3333333333333333}, "hold26": {"width": 0.3333333333333333, "positionX": 16.5, "positionY": 27.437500000000004, "crumble": 0, "slip": 0, "restitution": 1, "friction": 1, "height": 0.3333333333333333}, "hold25": {"width": 0.3333333333333333, "positionX": 18.3125, "positionY": 26.374999999999996, "crumble": 0, "slip": 0, "restitution": 1, "friction": 1, "height": 0.3333333333333333}, "hold24": {"width": 0.3333333333333333, "positionX": 18.1875, "positionY": 25.562500000000004, "crumble": 0, "slip": 0, "restitution": 1, "friction": 1, "height": 0.3333333333333333}, "hold38": {"width": 0.3333333333333333, "positionX": 23.75, "positionY": 2.6874999999999987, "crumble": 0, "slip": 0, "restitution": 1, "friction": 1, "height": 0.3333333333333333}, "hold41": {"width": 0.3333333333333333, "positionX": 23.8125, "positionY": 12.062500000000004, "crumble": 0, "slip": 0, "restitution": 1, "friction": 1, "height": 0.3333333333333333}, "hold40": {"width": 0.3333333333333333, "positionX": 23.9375, "positionY": 9.125, "crumble": 0, "slip": 0, "restitution": 1, "friction": 1, "height": 0.3333333333333333}, "hold43": {"width": 0.3333333333333333, "positionX": 22.1875, "positionY": 18.5, "crumble": 0, "slip": 0, "restitution": 1, "friction": 1, "height": 0.3333333333333333}, "hold42": {"width": 0.3333333333333333, "positionX": 23.9375, "positionY": 15.812500000000004, "crumble": 0, "slip": 0, "restitution": 1, "friction": 1, "height": 0.3333333333333333}, "hold36": {"width": 0.3333333333333333, "positionX": 16.5625, "positionY": 4.562499999999998, "crumble": 0, "slip": 0, "restitution": 1, "friction": 1, "height": 0.3333333333333333}, "hold8": {"width": 0.3333333333333333, "positionX": 15.5625, "positionY": 14.250000000000002, "crumble": 0, "slip": 0, "restitution": 1, "friction": 1, "height": 0.3333333333333333}, "hold9": {"width": 0.3333333333333333, "positionX": 16.625, "positionY": 13.125, "crumble": 0, "slip": 0, "restitution": 1, "friction": 1, "height": 0.3333333333333333}, "hold37": {"width": 0.3333333333333333, "positionX": 19.25, "positionY": 7.124999999999999, "crumble": 0, "slip": 0, "restitution": 1, "friction": 1, "height": 0.3333333333333333}, "hold39": {"width": 0.3333333333333333, "positionX": 23.9375, "positionY": 6.187500000000003, "crumble": 0, "slip": 0, "restitution": 1, "friction": 1, "height": 0.3333333333333333}, "hold0": {"width": 0.3333333333333333, "positionX": 12.3125, "positionY": 9.999999999999998, "crumble": 0, "slip": 0, "restitution": 1, "friction": 1, "height": 0.3333333333333333}, "hold1": {"width": 0.3333333333333333, "positionX": 11.875000000000004, "positionY": 11.749999999999998, "crumble": 0, "slip": 0, "restitution": 1, "friction": 1, "height": 0.3333333333333333}, "hold2": {"width": 0.3333333333333333, "positionX": 11.875000000000004, "positionY": 13.125, "crumble": 0, "slip": 0, "restitution": 1, "friction": 1, "height": 0.3333333333333333}, "hold3": {"width": 0.3333333333333333, "positionX": 12.0, "positionY": 14.500000000000004, "crumble": 0, "slip": 0, "restitution": 1, "friction": 1, "height": 0.3333333333333333}, "hold4": {"width": 0.3333333333333333, "positionX": 12.3125, "positionY": 16.3125, "crumble": 0, "slip": 0, "restitution": 1, "friction": 1, "height": 0.3333333333333333}, "hold5": {"width": 0.3333333333333333, "positionX": 13.5, "positionY": 16.062499999999996, "crumble": 0, "slip": 0, "restitution": 1, "friction": 1, "height": 0.3333333333333333}, "hold6": {"width": 0.3333333333333333, "positionX": 14.25, "positionY": 15.500000000000004, "crumble": 0, "slip": 0, "restitution": 1, "friction": 1, "height": 0.3333333333333333}, "hold7": {"width": 0.3333333333333333, "positionX": 14.8125, "positionY": 14.812500000000002, "crumble": 0, "slip": 0, "restitution": 1, "friction": 1, "height": 0.3333333333333333}, "hold12": {"width": 0.3333333333333333, "positionX": 18.8125, "positionY": 15.062499999999996, "crumble": 0, "slip": 0, "restitution": 1, "friction": 1, "height": 0.3333333333333333}, "hold13": {"width": 0.3333333333333333, "positionX": 18.8125, "positionY": 16.875, "crumble": 0, "slip": 0, "restitution": 1, "friction": 1, "height": 0.3333333333333333}, "hold10": {"width": 0.3333333333333333,