{
	"handholds": {
	"hold8": {
		"width": 0.3333333333333333,
		 "positionX": 1.0625000000000009,
		 "positionY": 0.9374999999999996,
		 "crumble": 0,
		 "slip": 0,
		 "restitution": 1,
		 "friction": 1,
		 "height": 0.3333333333333333},
	 "hold0": {
		"width": 0.3333333333333333,
		 "positionX": 12.53,
		 "positionY": 8.93,
		 "crumble": 0,
		 "slip": 0,
		 "restitution": 1,
		 "friction": 1,
		 "height": 0.3333333333333333},
	 "hold1": {
		"width": 0.3333333333333333,
		 "positionX": 19,
		 "positionY": 9.18,
		 "crumble": 0,
		 "slip": 0,
		 "restitution": 1,
		 "friction": 1,
		 "height": 0.3333333333333333},
	 "hold2": {
		"width": 0.3333333333333333,
		 "positionX": 14.28,
		 "positionY": 4.75,
		 "crumble": 0,
		 "slip": 0,
		 "restitution": 1,
		 "friction": 1,
		 "height": 0.3333333333333333},
	 "hold3": {
		"width": 0.3333333333333333,
		 "positionX": 16.46,
		 "positionY": 4.5,
		 "crumble": 0,
		 "slip": 0,
		 "restitution": 1,
		 "friction": 1,
		 "height": 0.3333333333333333},
	 "hold4": {
		"width": 0.3333333333333333,
		 "positionX": 5.562500000000002,
		 "positionY": 14.093749999999998,
		 "crumble": 0,
		 "slip": 0,
		 "restitution": 1,
		 "friction": 1,
		 "height": 0.3333333333333333},
	 "hold5": {
		"width": 0.3333333333333333,
		 "positionX": 6.625,
		 "positionY": 9.21875,
		 "crumble": 0,
		 "slip": 0,
		 "restitution": 1,
		 "friction": 1,
		 "height": 0.3333333333333333},
	 "hold6": {
		"width": 0.3333333333333333,
		 "positionX": 19.156250000000004,
		 "positionY": 13.46875,
		 "crumble": 5,
		 "slip": 0,
		 "restitution": 1,
		 "friction": 1,
		 "height": 0.3333333333333333},
	 "hold7": {
		"width": 0.3333333333333333,
		 "positionX": 24.8125,
		 "positionY": 9.25,
		 "crumble": 0,
		 "slip": 0,
		 "restitution": 1,
		 "friction": 1,
		 "height": 0.3333333333333333},
	 "hold12": {
		"width": 0.35852713178294576,
		 "positionX": 20.493459302325586,
		 "positionY": 16.118459302325583,
		 "crumble": 0,
		 "slip": 2,
		 "restitution": 1,
		 "movement": {
			"endY": 16.430959302325583,
			 "endX": 27.587209302325583,
			 "startX": 20.493459302325586,
			 "startY": 16.118459302325583,
			 "speed": 1.308139534883721},
		 "friction": 1,
		 "height": 0.35852713178294576},
	 "hold10": {
	"width": 0.35852713178294576,
	 "positionX": 23.220203488372093,
	 "positionY": 2.938953488372094,
	 "crumble": 0,
	 "slip": 0,
	 "restitution": 1,
	 "movement": {
	"endY": 3.493459302325582,
	 "endX": 28.337209302325583,
	 "startX": 23.220203488372093,
	 "startY": 2.938953488372094,
	 "speed": 2.3720930232558137},
	 "friction": 1,
	 "height": 0.35852713178294576}},
	 "obstacles": {
		"obstacle0": {
		"width": 4.346153846153846,
		 "height": 2.5384615384615383,
		 "originY": 14.84375,
		 "frequency": 60,
		 "originX": 9.28125}},
		 "difficulty": "notRanked",
	 "static": {
		"obstacle0": {
		"y": 3.1010174418604652,
		 "x": 3.0072674418604652,
		 "size": 1.37015503875969},
		 "obstacle1": {
		"y": 14.288517441860465,
		 "x": 15.757267441860465,
		 "size": 1.37015503875969},
		 "obstacle2": {
		"y": 9.476017441860465,
		 "x": 22.319767441860463,
		 "size": 1.37015503875969}},
		 "id": 8,
		 "size": 22}