{"handholds": {"hold29": {"width": 0.3541666666666667, "positionX": 21.78125, "positionY": 12.031249999999998, "crumble": 0, "slip": 0, "restitution": 1, "friction": 1, "height": 0.3541666666666667}, "hold28": {"width": 0.3541666666666667, "positionX": 20.84375, "positionY": 34.15625, "crumble": 0, "slip": 0, "restitution": 1, "friction": 1, "height": 0.3541666666666667}, "hold23": {"width": 0.3541666666666667, "positionX": 19.46875, "positionY": 31.21875, "crumble": 0, "slip": 0, "restitution": 1, "friction": 1, "height": 0.3541666666666667}, "hold22": {"width": 0.3541666666666667, "positionX": 17.78125, "positionY": 30.15625, "crumble": 0, "slip": 0, "restitution": 1, "friction": 1, "height": 0.3541666666666667}, "hold21": {"width": 0.3541666666666667, "positionX": 16.21875, "positionY": 29.21875, "crumble": 0, "slip": 0, "restitution": 1, "friction": 1, "height": 0.3541666666666667}, "hold20": {"width": 0.3541666666666667, "positionX": 13.90625, "positionY": 27.28125, "crumble": 0, "slip": 0, "restitution": 1, "friction": 1, "height": 0.3541666666666667}, "hold27": {"width": 0.3541666666666667, "positionX": 21.46875, "positionY": 32.28125, "crumble": 0, "slip": 0, "restitution": 1, "friction": 1, "height": 0.3541666666666667}, "hold26": {"width": 0.3541666666666667, "positionX": 20.59375, "positionY": 28.65625, "crumble": 0, "slip": 0, "restitution": 1, "friction": 1, "height": 0.3541666666666667}, "hold25": {"width": 0.3541666666666667, "positionX": 18.40625, "positionY": 26.84375, "crumble": 0, "slip": 0, "restitution": 1, "friction": 1, "height": 0.3541666666666667}, "hold24": {"width": 0.3541666666666667, "positionX": 17.34375, "positionY": 34.21875, "crumble": 0, "slip": 0, "restitution": 1, "friction": 1, "height": 0.3541666666666667}, "hold38": {"width": 0.3541666666666667, "positionX": 22.46875, "positionY": 26.781249999999996, "crumble": 0, "slip": 0, "restitution": 1, "friction": 1, "height": 0.3541666666666667}, "hold40": {"width": 0.3541666666666667, "positionX": 22.78125, "positionY": 16.21875, "crumble": 0, "slip": 0, "restitution": 1, "friction": 1, "height": 0.3541666666666667}, "hold36": {"width": 0.3541666666666667, "positionX": 23.0, "positionY": 22.624999999999996, "crumble": 0, "slip": 0, "restitution": 1, "friction": 1, "height": 0.3541666666666667}, "hold8": {"width": 0.3541666666666667, "positionX": 9.906249999999996, "positionY": 12.46875, "crumble": 0, "slip": 0, "restitution": 1, "friction": 1, "height": 0.3541666666666667}, "hold9": {"width": 0.3541666666666667, "positionX": 11.250000000000004, "positionY": 18.0625, "crumble": 0, "slip": 0, "restitution": 1, "friction": 1, "height": 0.3541666666666667}, "hold37": {"width": 0.3541666666666667, "positionX": 21.21875, "positionY": 25.40625, "crumble": 0, "slip": 0, "restitution": 1, "friction": 1, "height": 0.3541666666666667}, "hold39": {"width": 0.3541666666666667, "positionX": 22.71875, "positionY": 29.843750000000004, "crumble": 0, "slip": 0, "restitution": 1, "friction": 1, "height": 0.3541666666666667}, "hold0": {"width": 0.3333333333333333, "positionX": 19.5625, "positionY": 5.687500000000002, "crumble": 0, "slip": 0, "restitution": 1, "friction": 1, "height": 0.3333333333333333}, "hold1": {"width": 0.3333333333333333, "positionX": 20.1875, "positionY": 2.1249999999999982, "crumble": 0, "slip": 0, "restitution": 1, "friction": 1, "height": 0.3333333333333333}, "hold2": {"width": 0.3333333333333333, "positionX": 16.5, "positionY": 1.6875000000000004, "crumble": 0, "slip": 0, "restitution": 1, "friction": 1, "height": 0.3333333333333333}, "hold3": {"width": 0.3333333333333333, "positionX": 13.625000000000004, "positionY": 4.0, "crumble": 0, "slip": 0, "restitution": 1, "friction": 1, "height": 0.3333333333333333}, "hold4": {"width": 0.3333333333333333, "positionX": 13.5, "positionY": 7.25, "crumble": 0, "slip": 0, "restitution": 1, "friction": 1, "height": 0.3333333333333333}, "hold5": {"width": 0.3333333333333333, "positionX": 15.0625, "positionY": 10.5, "crumble": 0, "slip": 0, "restitution": 1, "friction": 1, "height": 0.3333333333333333}, "hold6": {"width": 0.3333333333333333, "positionX": 16.3125, "positionY": 12.562500000000002, "crumble": 0, "slip": 0, "restitution": 1, "friction": 1, "height": 0.3333333333333333}, "hold7": {"width": 0.3541666666666667, "positionX": 13.062500000000004, "positionY": 14.9375, "crumble": 0, "slip": 0, "restitution": 1, "friction": 1, "height": 0.3541666666666667}, "hold12": {"width": 0.37121212121212127, "positionX": 8.056818181818185, "positionY": 20.431818181818183, "crumble": 0, "slip": 0, "restitution": 1, "friction": 1, "height": 0.37121212121212127}, "hold13": {"width": 0.3371212121212121, "positionX": 9.056818181818178, "positionY": 22.619318181818187, "crumble": 0, "slip": 0, "restitution": 1, "friction": 1, "height": 0.3371212121212121}, "hold10": {"width": 0.490530303030303, "positionX": 8.369318181818182, "positionY": 13.369318181818182, "crumble": 0, "slip": 0, "restitution": 1, "friction": 1, "height": 0.490530303030303}, "hold11": {"width": 1.087121212121212, "positionX": 7.994318181818182, "positionY": 17.994318181818183, "crumble": 0, "slip": 0, "restitution": 1, "friction": 1, "height": 1.087121212121212}, "hold16": {"width": 0.3541666666666667, "positionX": 11.15625, "positionY": 22.03125, "crumble": 0, "slip": 0, "restitution": 1, "friction": 1, "height": 0.3541666666666667}, "hold17": {"width": 0.3541666666666667, "positionX": 10.468750000000004, "positionY": 24.90625, "crumble": 0, "slip": 0, "restitution": 1, "friction": 1, "height": 0.3541666666666667}, "hold14": {"width": 0.490530303030303, "positionX": 8.014204545454545, "positionY": 5.951704545454546, "crumble": 0, "slip": 0, "restitution": 1, "friction": 1, "height": 0.490530303030303}, "hold15": {"width": 0.3541666666666667, "positionX": 9.625, "positionY": 15.5, "crumble": 0, "slip": 0, "restitution": 1, "friction": 1, "height": 0.3541666666666667}, "hold34": {"width": 0.3541666666666667, "positionX": 22.8125, "positionY": 20.5625, "crumble": 0, "slip": 0, "restitution": 1, "friction": 1, "height": 0.3541666666666667}, "hold35": {"width": 0.3541666666666667, "positionX": 22.59375, "positionY": 14.656250000000002, "crumble": 0, "slip": 0, "restitution": 1, "friction": 1, "height": 0.3541666666666667}, "hold18": {"width": 0.3541666666666667, "positionX": 12.96875, "positionY": 24.968749999999996, "crumble": 0, "slip": 0, "restitution": 1, "friction": 1, "height": 0.3541666666666667}, "hold19": {"width": 0.3541666666666667, "positionX": 11.65625, "positionY": 26.53125, "crumble": 0, "slip": 0, "restitution": 1, "friction": 1, "height": 0.3541666666666667}, "hold30": {"width": 0.3541666666666667, "positionX": 19.40625, "positionY": 14.09375, "crumble": 0, "slip": 0, "restitution": 1, "friction": 1, "height": 0.3541666666666667}, "hold31": {"width": 0.3541666666666667, "positionX": 21.03125, "positionY": 16.46875, "crumble": 0, "slip": 0, "restitution": 1, "friction": 1, "height": 0.3541666666666667}, "hold32": {"width": 0.3541666666666667, "positionX": 22.15625, "positionY": 18.40625, "crumble": 0, "slip": 0, "restitution": 1, "friction": 1, "height": 0.3541666666666667}, "hold33": {"width": 0.3541666666666667, "positionX": 23.71875, "positionY": 20.21875, "crumble": 0, "slip": 0, "restitution": 1, "friction": 1, "height": 0.3541666666666667}}, "obstacles": {}, "difficulty": "notRanked", "static": {"obstacle0": {"y": 14.625, "x": 15.0625, "size": 1.087121212121212}, "obstacle1": {"y": 17.74431818181818, "x": 12.931818181818182, "size": 1.087121212121212}, "obstacle2": {"y": 18.8125, "x": 16.375, "size": 1.087121212121212}, "obstacle3": {"y": 21.931818181818187, "x": 16.80681818181818, "size": 1.087121212121212}, "obstacle4": {"y": 30.625, "x": 12.375, "size": 1.087121212121212}, "obstacle5": {"y": 21.431818181818183, "x": 19.86931818181818, "size": 1.087121212121212}}, "id": 13, "size": 37.34342478713339}