{"handholds": {"hold54": {"width": 0.3333333333333333, "positionX": 8.625, "positionY": 19.125, "crumble": 0, "slip": 0, "restitution": 1, "friction": 1, "height": 0.3333333333333333}, "hold52": {"width": 0.3333333333333333, "positionX": 21.6875, "positionY": 2.3125000000000027, "crumble": 0, "slip": 0, "restitution": 1, "friction": 1, "height": 0.3333333333333333}, "hold53": {"width": 0.3333333333333333, "positionX": 20.625, "positionY": 0.7500000000000018, "crumble": 0, "slip": 0, "restitution": 1, "friction": 1, "height": 0.3333333333333333}, "hold50": {"width": 0.3333333333333333, "positionX": 23.625, "positionY": 14.500000000000004, "crumble": 0, "slip": 0, "restitution": 1, "friction": 1, "height": 0.3333333333333333}, "hold51": {"width": 0.3333333333333333, "positionX": 23.375, "positionY": 4.624999999999998, "crumble": 0, "slip": 0, "restitution": 1, "friction": 1, "height": 0.3333333333333333}, "hold29": {"width": 0.3333333333333333, "positionX": 14.3125, "positionY": 2.3125000000000027, "crumble": 0, "slip": 0, "restitution": 1, "friction": 1, "height": 0.3333333333333333}, "hold28": {"width": 0.3333333333333333, "positionX": 13.187499999999996, "positionY": 1.3125000000000022, "crumble": 0, "slip": 0, "restitution": 1, "friction": 1, "height": 0.3333333333333333}, "hold44": {"width": 0.3333333333333333, "positionX": 22.5625, "positionY": 9.749999999999996, "crumble": 0, "slip": 0, "restitution": 1, "friction": 1, "height": 0.3333333333333333}, "hold23": {"width": 0.3333333333333333, "positionX": 13.625, "positionY": 31.625, "crumble": 0, "slip": 0, "restitution": 1, "friction": 1, "height": 0.3333333333333333}, "hold22": {"width": 0.3333333333333333, "positionX": 10.6875, "positionY": 31.6875, "crumble": 0, "slip": 0, "restitution": 1, "friction": 1, "height": 0.3333333333333333}, "hold21": {"width": 0.3333333333333333, "positionX": 13.124999999999996, "positionY": 30.437500000000004, "crumble": 0, "slip": 0, "restitution": 1, "friction": 1, "height": 0.3333333333333333}, "hold20": {"width": 0.3333333333333333, "positionX": 16.6875, "positionY": 28.625, "crumble": 0, "slip": 0, "restitution": 1, "friction": 1, "height": 0.3333333333333333}, "hold27": {"width": 0.3333333333333333, "positionX": 12.125, "positionY": 0.24999999999999856, "crumble": 0, "slip": 0, "restitution": 1, "friction": 1, "height": 0.3333333333333333}, "hold26": {"width": 0.3333333333333333, "positionX": 20.3125, "positionY": 31.749999999999993, "crumble": 0, "slip": 0, "restitution": 1, "friction": 1, "height": 0.3333333333333333}, "hold25": {"width": 0.3333333333333333, "positionX": 17.9375, "positionY": 31.625, "crumble": 0, "slip": 0, "restitution": 1, "friction": 1, "height": 0.3333333333333333}, "hold24": {"width": 0.3333333333333333, "positionX": 15.4375, "positionY": 31.625, "crumble": 0, "slip": 0, "restitution": 1, "friction": 1, "height": 0.3333333333333333}, "hold49": {"width": 0.3333333333333333, "positionX": 23.4375, "positionY": 13.5625, "crumble": 0, "slip": 0, "restitution": 1, "friction": 1, "height": 0.3333333333333333}, "hold48": {"width": 0.3333333333333333, "positionX": 23.0625, "positionY": 12.375000000000002, "crumble": 0, "slip": 0, "restitution": 1, "friction": 1, "height": 0.3333333333333333}, "hold45": {"width": 0.3333333333333333, "positionX": 23.5625, "positionY": 10.125, "crumble": 0, "slip": 0, "restitution": 1, "friction": 1, "height": 0.3333333333333333}, "hold38": {"width": 0.3333333333333333, "positionX": 19.875, "positionY": 2.5000000000000004, "crumble": 0, "slip": 0, "restitution": 1, "friction": 1, "height": 0.3333333333333333}, "hold47": {"width": 0.3333333333333333, "positionX": 23.625, "positionY": 11.812500000000002, "crumble": 0, "slip": 0, "restitution": 1, "friction": 1, "height": 0.3333333333333333}, "hold46": {"width": 0.3333333333333333, "positionX": 23.625, "positionY": 11.062500000000002, "crumble": 0, "slip": 0, "restitution": 1, "friction": 1, "height": 0.3333333333333333}, "hold41": {"width": 0.3333333333333333, "positionX": 22.3125, "positionY": 6.500000000000002, "crumble": 0, "slip": 0, "restitution": 1, "friction": 1, "height": 0.3333333333333333}, "hold40": {"width": 0.3333333333333333, "positionX": 21.875, "positionY": 5.187500000000003, "crumble": 0, "slip": 0, "restitution": 1, "friction": 1, "height": 0.3333333333333333}, "hold43": {"width": 0.3333333333333333, "positionX": 22.375, "positionY": 7.999999999999998, "crumble": 0, "slip": 0, "restitution": 1, "friction": 1, "height": 0.3333333333333333}, "hold42": {"width": 0.3333333333333333, "positionX": 20.9375, "positionY": 6.500000000000002, "crumble": 0, "slip": 0, "restitution": 1, "friction": 1, "height": 0.3333333333333333}, "hold36": {"width": 0.3333333333333333, "positionX": 18.3125, "positionY": 0.3125000000000021, "crumble": 0, "slip": 0, "restitution": 1, "friction": 1, "height": 0.3333333333333333}, "hold8": {"width": 0.3333333333333333, "positionX": 15.625, "positionY": 17.0, "crumble": 0, "slip": 0, "restitution": 1, "friction": 1, "height": 0.3333333333333333}, "hold9": {"width": 0.3333333333333333, "positionX": 17.625, "positionY": 17.4375, "crumble": 0, "slip": 0, "restitution": 1, "friction": 1, "height": 0.3333333333333333}, "hold37": {"width": 0.3333333333333333, "positionX": 18.625, "positionY": 1.437500000000003, "crumble": 0, "slip": 0, "restitution": 1, "friction": 1, "height": 0.3333333333333333}, "hold39": {"width": 0.3333333333333333, "positionX": 21.0, "positionY": 3.9999999999999973, "crumble": 0, "slip": 0, "restitution": 1, "friction": 1, "height": 0.3333333333333333}, "hold0": {"width": 0.3333333333333333, "positionX": 14.0, "positionY": 9.500000000000002, "crumble": 0, "slip": 0, "restitution": 1, "friction": 1, "height": 0.3333333333333333}, "hold1": {"width": 0.3333333333333333, "positionX": 16.0625, "positionY": 10.437499999999998, "crumble": 0, "slip": 0, "restitution": 1, "friction": 1, "height": 0.3333333333333333}, "hold2": {"width": 0.3333333333333333, "positionX": 17.4375, "positionY": 11.6875, "crumble": 0, "slip": 0, "restitution": 1, "friction": 1, "height": 0.3333333333333333}, "hold3": {"width": 0.3333333333333333, "positionX": 16.3125, "positionY": 12.812500000000002, "crumble": 0, "slip": 0, "restitution": 1, "friction": 1, "height": 0.3333333333333333}, "hold4": {"width": 0.3333333333333333, "positionX": 15.1875, "positionY": 13.5625, "crumble": 0, "slip": 0, "restitution": 1, "friction": 1, "height": 0.3333333333333333}, "hold5": {"width": 0.3333333333333333, "positionX": 13.375000000000004, "positionY": 13.874999999999998, "crumble": 0, "slip": 0, "restitution": 1, "friction": 1, "height": 0.3333333333333333}, "hold6": {"width": 0.3333333333333333, "positionX": 12.0625, "positionY": 14.749999999999998, "crumble": 0, "slip": 0, "restitution": 1, "friction": 1, "height": 0.3333333333333333}, "hold7": {"width": 0.3333333333333333, "positionX": 13.4375, "positionY": 16.3125, "crumble": 0, "slip": 0, "restitution": 1, "friction": 1, "height": 0.3333333333333333}, "hold12": {"width": 0.3333333333333333, "positionX": 13.8125, "positionY": 21.812499999999996, "crumble": 0, "slip": 0, "restitution": 1, "friction": 1, "height": 0.3333333333333333}, "hold13": {"width": 0.3333333333333333, "positionX": 12.5625, "positionY": 22.5625, "crumble": 0, "slip": 0, "restitution": 1, "friction": 1, "height": 0.3333333333333333}, "hold10": {"width": 0.3333333333333333, "positionX": 17.75, "positionY": 18.875, "crumble": 0, "slip": 0, "restitution": 1, "friction": 1, "height": 0.3333333333333333}, "hold11": {"width": 0.3333333333333333, "positionX": 15.8125, "positionY": 20.4375, "crumble": 0, "slip": 0, "restitution": 1, "friction": 1, "height": 0.3333333333333333}, "hold16": {"width": 0.3333333333333333, "positionX": 17.0, "positionY": 25.3125, "crumble": 0, "slip": 0, "restitution": 1, "friction": 1, "height": 0.3333333333333333}, "hold17": {"width": 0.3333333333333333, "positionX": 18.8125, "positionY": 26.1875,