{"handholds": {"hold29": {"width": 0.3333333333333333, "positionX": 12.1875, "positionY": 19.625, "crumble": 0, "slip": 0, "restitution": 1, "friction": 1, "height": 0.3333333333333333}, "hold28": {"width": 0.3333333333333333, "positionX": 13.312499999999996, "positionY": 20.9375, "crumble": 0, "slip": 0, "restitution": 1, "friction": 1, "height": 0.3333333333333333}, "hold23": {"width": 0.3333333333333333, "positionX": 19.5, "positionY": 20.0625, "crumble": 0, "slip": 0, "restitution": 1, "friction": 1, "height": 0.3333333333333333}, "hold22": {"width": 0.3333333333333333, "positionX": 22.625, "positionY": 17.0, "crumble": 0, "slip": 0, "restitution": 1, "friction": 1, "height": 0.3333333333333333}, "hold21": {"width": 0.3333333333333333, "positionX": 20.9375, "positionY": 13.874999999999998, "crumble": 0, "slip": 0, "restitution": 1, "friction": 1, "height": 0.3333333333333333}, "hold20": {"width": 0.3333333333333333, "positionX": 20.5, "positionY": 15.999999999999996, "crumble": 0, "slip": 0, "restitution": 1, "friction": 1, "height": 0.3333333333333333}, "hold27": {"width": 0.3333333333333333, "positionX": 15.25, "positionY": 18.9375, "crumble": 0, "slip": 0, "restitution": 1, "friction": 1, "height": 0.3333333333333333}, "hold26": {"width": 0.3333333333333333, "positionX": 16.5625, "positionY": 20.500000000000004, "crumble": 0, "slip": 0, "restitution": 1, "friction": 1, "height": 0.3333333333333333}, "hold25": {"width": 0.3333333333333333, "positionX": 17.3125, "positionY": 17.624999999999996, "crumble": 0, "slip": 0, "restitution": 1, "friction": 1, "height": 0.3333333333333333}, "hold24": {"width": 0.3333333333333333, "positionX": 21.0625, "positionY": 21.3125, "crumble": 0, "slip": 0, "restitution": 1, "friction": 1, "height": 0.3333333333333333}, "hold38": {"width": 0.3333333333333333, "positionX": 10.750000000000004, "positionY": 23.8125, "crumble": 0, "slip": 0, "restitution": 1, "friction": 1, "height": 0.3333333333333333}, "hold41": {"width": 0.3333333333333333, "positionX": 9.0, "positionY": 23.25, "crumble": 0, "slip": 0, "restitution": 1, "friction": 1, "height": 0.3333333333333333}, "hold40": {"width": 0.3333333333333333, "positionX": 19.0, "positionY": 11.874999999999998, "crumble": 0, "slip": 0, "restitution": 1, "friction": 1, "height": 0.3333333333333333}, "hold36": {"width": 0.3333333333333333, "positionX": 13.562499999999996, "positionY": 23.5, "crumble": 0, "slip": 0, "restitution": 1, "friction": 1, "height": 0.3333333333333333}, "hold8": {"width": 0.3333333333333333, "positionX": 22.375, "positionY": 9.187499999999998, "crumble": 0, "slip": 0, "restitution": 1, "friction": 1, "height": 0.3333333333333333}, "hold9": {"width": 0.3333333333333333, "positionX": 22.1875, "positionY": 4.250000000000002, "crumble": 0, "slip": 0, "restitution": 1, "friction": 1, "height": 0.3333333333333333}, "hold37": {"width": 0.3333333333333333, "positionX": 14.874999999999996, "positionY": 17.375, "crumble": 0, "slip": 0, "restitution": 1, "friction": 1, "height": 0.3333333333333333}, "hold39": {"width": 0.3333333333333333, "positionX": 16.125, "positionY": 12.3125, "crumble": 0, "slip": 0, "restitution": 1, "friction": 1, "height": 0.3333333333333333}, "hold0": {"width": 0.3333333333333333, "positionX": 20.0, "positionY": 1.125, "crumble": 0, "slip": 0, "restitution": 1, "friction": 1, "height": 0.3333333333333333}, "hold1": {"width": 0.3333333333333333, "positionX": 17.5, "positionY": 2.5625, "crumble": 0, "slip": 0, "restitution": 1, "friction": 1, "height": 0.3333333333333333}, "hold2": {"width": 0.3333333333333333, "positionX": 14.8125, "positionY": 1.6249999999999991, "crumble": 0, "slip": 0, "restitution": 1, "friction": 1, "height": 0.3333333333333333}, "hold3": {"width": 0.3333333333333333, "positionX": 14.3125, "positionY": 5.187499999999998, "crumble": 0, "slip": 0, "restitution": 1, "friction": 1, "height": 0.3333333333333333}, "hold4": {"width": 0.3333333333333333, "positionX": 15.125, "positionY": 6.562500000000001, "crumble": 0, "slip": 0, "restitution": 1, "friction": 1, "height": 0.3333333333333333}, "hold5": {"width": 0.3333333333333333, "positionX": 15.125, "positionY": 10.187500000000002, "crumble": 0, "slip": 0, "restitution": 1, "friction": 1, "height": 0.3333333333333333}, "hold6": {"width": 0.3333333333333333, "positionX": 17.375, "positionY": 10.812499999999998, "crumble": 0, "slip": 0, "restitution": 1, "friction": 1, "height": 0.3333333333333333}, "hold7": {"width": 0.3333333333333333, "positionX": 18.4375, "positionY": 6.937500000000001, "crumble": 0, "slip": 0, "restitution": 1, "friction": 1, "height": 0.3333333333333333}, "hold12": {"width": 0.3333333333333333, "positionX": 12.25, "positionY": 12.062499999999998, "crumble": 0, "slip": 0, "restitution": 1, "friction": 1, "height": 0.3333333333333333}, "hold13": {"width": 0.3333333333333333, "positionX": 9.875, "positionY": 12.062499999999998, "crumble": 0, "slip": 0, "restitution": 1, "friction": 1, "height": 0.3333333333333333}, "hold10": {"width": 0.3333333333333333, "positionX": 10.187499999999996, "positionY": 5.4375, "crumble": 0, "slip": 0, "restitution": 1, "friction": 1, "height": 0.3333333333333333}, "hold11": {"width": 0.3333333333333333, "positionX": 10.6875, "positionY": 9.187499999999998, "crumble": 0, "slip": 0, "restitution": 1, "friction": 1, "height": 0.3333333333333333}, "hold16": {"width": 0.3333333333333333, "positionX": 14.374999999999996, "positionY": 16.125, "crumble": 0, "slip": 0, "restitution": 1, "friction": 1, "height": 0.3333333333333333}, "hold17": {"width": 0.3333333333333333, "positionX": 14.125000000000004, "positionY": 13.312499999999998, "crumble": 0, "slip": 0, "restitution": 1, "friction": 1, "height": 0.3333333333333333}, "hold14": {"width": 0.3333333333333333, "positionX": 10.0, "positionY": 15.124999999999998, "crumble": 0, "slip": 0, "restitution": 1, "friction": 1, "height": 0.3333333333333333}, "hold15": {"width": 0.3333333333333333, "positionX": 12.125, "positionY": 16.0625, "crumble": 0, "slip": 0, "restitution": 1, "friction": 1, "height": 0.3333333333333333}, "hold34": {"width": 0.3333333333333333, "positionX": 18.875, "positionY": 22.4375, "crumble": 0, "slip": 0, "restitution": 1, "friction": 1, "height": 0.3333333333333333}, "hold35": {"width": 0.3333333333333333, "positionX": 18.3125, "positionY": 24.0, "crumble": 0, "slip": 0, "restitution": 1, "friction": 1, "height": 0.3333333333333333}, "hold18": {"width": 0.3333333333333333, "positionX": 17.375, "positionY": 14.25, "crumble": 0, "slip": 0, "restitution": 1, "friction": 1, "height": 0.3333333333333333}, "hold19": {"width": 0.3333333333333333, "positionX": 16.9375, "positionY": 15.999999999999996, "crumble": 0, "slip": 0, "restitution": 1, "friction": 1, "height": 0.3333333333333333}, "hold30": {"width": 0.3333333333333333, "positionX": 10.187499999999996, "positionY": 19.5, "crumble": 0, "slip": 0, "restitution": 1, "friction": 1, "height": 0.3333333333333333}, "hold31": {"width": 0.3333333333333333, "positionX": 10.0, "positionY": 22.25, "crumble": 0, "slip": 0, "restitution": 1, "friction": 1, "height": 0.3333333333333333}, "hold32": {"width": 0.3333333333333333, "positionX": 12.6875, "positionY": 22.4375, "crumble": 0, "slip": 0, "restitution": 1, "friction": 1, "height": 0.3333333333333333}, "hold33": {"width": 0.3333333333333333, "positionX": 15.375, "positionY": 22.25, "crumble": 0, "slip": 0, "restitution": 1, "friction": 1, "height": 0.3333333333333333}}, "obstacles": {"obstacle0": {"width": 2.8125, "frequency": 1200.0, "originY": 24.250000000000004, "originX": 12.75, "height": 0.6666666666666666}, "obstacle1": {"width": 3.0138888888888893, "frequency": 867.5, "originY": 24.3125, "originX": 20.0, "height": 0.6666666666666666}}, "difficulty": "notRanked", "static": {}, "id": 14, "size": 25.354777672658457}