{"difficulty": "easy", "obstacles": {}, "static": {}, "handholds": {"hold29": {"width": 0.3333333333333333, "positionX": 15.625, "positionY": 15.625, "crumble": 0, "slip": 12.558139534883722, "restitution": 1, "friction": 1, "height": 0.3333333333333333}, "hold28": {"width": 0.3333333333333333, "positionX": 18.3125, "positionY": 15.5625, "crumble": 0, "slip": 12.558139534883722, "restitution": 1, "friction": 1, "height": 0.3333333333333333}, "hold23": {"width": 0.3333333333333333, "positionX": 22.5, "positionY": 16.84375, "crumble": 0, "slip": 12.558139534883722, "restitution": 1, "friction": 1, "height": 0.3333333333333333}, "hold22": {"width": 0.3333333333333333, "positionX": 22.3125, "positionY": 14.21875, "crumble": 0, "slip": 12.558139534883722, "restitution": 1, "friction": 1, "height": 0.3333333333333333}, "hold21": {"width": 0.3333333333333333, "positionX": 22.5, "positionY": 11.84375, "crumble": 0, "slip": 12.558139534883722, "restitution": 1, "friction": 1, "height": 0.3333333333333333}, "hold20": {"width": 0.3333333333333333, "positionX": 22.5625, "positionY": 9.625, "crumble": 0, "slip": 12.558139534883722, "restitution": 1, "friction": 1, "height": 0.3333333333333333}, "hold27": {"width": 0.3333333333333333, "positionX": 13.34375, "positionY": 15.468750000000002, "crumble": 0, "slip": 12.558139534883722, "restitution": 1, "friction": 1, "height": 0.3333333333333333}, "hold26": {"width": 0.3333333333333333, "positionX": 10.8125, "positionY": 15.8125, "crumble": 0, "slip": 12.558139534883722, "restitution": 1, "friction": 1, "height": 0.3333333333333333}, "hold25": {"width": 0.3333333333333333, "positionX": 22.40625, "positionY": 19.71875, "crumble": 0, "slip": 12.558139534883722, "restitution": 1, "friction": 1, "height": 0.3333333333333333}, "hold24": {"width": 0.3333333333333333, "positionX": 22.03125, "positionY": 18.15625, "crumble": 0, "slip": 12.558139534883722, "restitution": 1, "friction": 1, "height": 0.3333333333333333}, "hold38": {"width": 0.3333333333333333, "positionX": 17.09375, "positionY": 0.2500000000000011, "crumble": 0, "slip": 12.558139534883722, "restitution": 1, "friction": 1, "height": 0.3333333333333333}, "hold36": {"width": 0.3333333333333333, "positionX": 15.71875, "positionY": 0.3125000000000012, "crumble": 0, "slip": 12.558139534883722, "restitution": 1, "friction": 1, "height": 0.3333333333333333}, "hold8": {"width": 0.3333333333333333, "positionX": 8.625, "positionY": 21.46875, "crumble": 0, "slip": 12.558139534883722, "restitution": 1, "friction": 1, "height": 0.3333333333333333}, "hold9": {"width": 0.3333333333333333, "positionX": 10.374999999999998, "positionY": 20.4375, "crumble": 0, "slip": 12.558139534883722, "restitution": 1, "friction": 1, "height": 0.3333333333333333}, "hold37": {"width": 0.3333333333333333, "positionX": 19.625, "positionY": 0.3125000000000012, "crumble": 0, "slip": 12.558139534883722, "restitution": 1, "friction": 1, "height": 0.3333333333333333}, "hold39": {"width": 0.3333333333333333, "positionX": 13.96875, "positionY": 0.156250000000001, "crumble": 0, "slip": 12.558139534883722, "restitution": 1, "friction": 1, "height": 0.3333333333333333}, "hold0": {"width": 0.3333333333333333, "positionX": 14.25, "positionY": 6.625, "crumble": 0, "slip": 12.558139534883722, "restitution": 1, "friction": 1, "height": 0.3333333333333333}, "hold1": {"width": 0.3333333333333333, "positionX": 12.1875, "positionY": 6.53125, "crumble": 0, "slip": 12.558139534883722, "restitution": 1, "friction": 1, "height": 0.3333333333333333}, "hold2": {"width": 0.3333333333333333, "positionX": 10.15625, "positionY": 6.656250000000001, "crumble": 0, "slip": 12.558139534883722, "restitution": 1, "friction": 1, "height": 0.3333333333333333}, "hold3": {"width": 0.3333333333333333, "positionX": 9.4375, "positionY": 9.125, "crumble": 0, "slip": 12.558139534883722, "restitution": 1, "friction": 1, "height": 0.3333333333333333}, "hold4": {"width": 0.3333333333333333, "positionX": 9.812500000000002, "positionY": 12.406250000000002, "crumble": 0, "slip": 12.558139534883722, "restitution": 1, "friction": 1, "height": 0.3333333333333333}, "hold5": {"width": 0.3333333333333333, "positionX": 9.34375, "positionY": 14.4375, "crumble": 0, "slip": 12.558139534883722, "restitution": 1, "friction": 1, "height": 0.3333333333333333}, "hold6": {"width": 0.3333333333333333, "positionX": 8.53125, "positionY": 16.78125, "crumble": 0, "slip": 12.558139534883722, "restitution": 1, "friction": 1, "height": 0.3333333333333333}, "hold7": {"width": 0.3333333333333333, "positionX": 9.4375, "positionY": 18.8125, "crumble": 0, "slip": 12.558139534883722, "restitution": 1, "friction": 1, "height": 0.3333333333333333}, "hold12": {"width": 0.3333333333333333, "positionX": 9.812500000000002, "positionY": 0.156250000000001, "crumble": 0, "slip": 12.558139534883722, "restitution": 1, "friction": 1, "height": 0.3333333333333333}, "hold13": {"width": 0.3333333333333333, "positionX": 23.28125, "positionY": 0.3125000000000012, "crumble": 0, "slip": 12.558139534883722, "restitution": 1, "friction": 1, "height": 0.3333333333333333}, "hold10": {"width": 0.3333333333333333, "positionX": 9.46875, "positionY": 5.125000000000001, "crumble": 0, "slip": 12.558139534883722, "restitution": 1, "friction": 1, "height": 0.3333333333333333}, "hold11": {"width": 0.3333333333333333, "positionX": 9.65625, "positionY": 2.7187499999999996, "crumble": 0, "slip": 12.558139534883722, "restitution": 1, "friction": 1, "height": 0.3333333333333333}, "hold16": {"width": 0.3333333333333333, "positionX": 21.8125, "positionY": 7.281249999999999, "crumble": 0, "slip": 12.558139534883722, "restitution": 1, "friction": 1, "height": 0.3333333333333333}, "hold17": {"width": 0.3333333333333333, "positionX": 19.0, "positionY": 6.781250000000001, "crumble": 0, "slip": 12.558139534883722, "restitution": 1, "friction": 1, "height": 0.3333333333333333}, "hold14": {"width": 0.3333333333333333, "positionX": 22.5, "positionY": 1.0624999999999991, "crumble": 0, "slip": 12.558139534883722, "restitution": 1, "friction": 1, "height": 0.3333333333333333}, "hold15": {"width": 0.3333333333333333, "positionX": 22.3125, "positionY": 5.531249999999999, "crumble": 0, "slip": 12.558139534883722, "restitution": 1, "friction": 1, "height": 0.3333333333333333}, "hold34": {"width": 0.3333333333333333, "positionX": 21.0, "positionY": 20.84375, "crumble": 0, "slip": 12.558139534883722, "restitution": 1, "friction": 1, "height": 0.3333333333333333}, "hold35": {"width": 0.3333333333333333, "positionX": 11.65625, "positionY": 0.3125000000000012, "crumble": 0, "slip": 12.558139534883722, "restitution": 1, "friction": 1, "height": 0.3333333333333333}, "hold18": {"width": 0.3333333333333333, "positionX": 17.374999999999996, "positionY": 6.937500000000001, "crumble": 0, "slip": 12.558139534883722, "restitution": 1, "friction": 1, "height": 0.3333333333333333}, "hold19": {"width": 0.3333333333333333, "positionX": 23.0, "positionY": 3.625000000000001, "crumble": 0, "slip": 12.558139534883722, "restitution": 1, "friction": 1, "height": 0.3333333333333333}, "hold30": {"width": 0.3333333333333333, "positionX": 20.75, "positionY": 15.71875, "crumble": 0, "slip": 12.558139534883722, "restitution": 1, "friction": 1, "height": 0.3333333333333333}, "hold31": {"width": 0.3333333333333333, "positionX": 12.65625, "positionY": 20.875, "crumble": 0, "slip": 12.558139534883722, "restitution": 1, "friction": 1, "height": 0.3333333333333333}, "hold32": {"width": 0.3333333333333333, "positionX": 15.9375, "positionY": 20.96875, "crumble": 0, "slip": 12.558139534883722, "restitution": 1, "friction": 1, "height": 0.3333333333333333}, "hold33": {"width": 0.3333333333333333, "positionX": 18.4375, "positionY": 20.875, "crumble": 0, "slip": 12.558139534883722, "restitution": 1, "friction": 1, "height": 0.3333333333333333}}, "size": 22}