{"difficulty": "medium", "obstacles": {"obstacle0": {"width": 1.6666666666666667, "frequency": 300, "originY": 59.8125, "originX": 9.84375, "height": 1.6666666666666667}, "obstacle1": {"width": 1.6666666666666667, "frequency": 300, "originY": 59.8125, "originX": 22.375, "height": 1.6666666666666667}}, "static": {}, "handholds": {"hold29": {"width": 0.3333333333333333, "positionX": 12.3125, "positionY": 30.40625, "crumble": 0, "slip": 0.0, "restitution": 1, "friction": 1, "height": 0.3333333333333333}, "hold28": {"width": 0.3333333333333333, "positionX": 12.1875, "positionY": 44.15625, "crumble": 0, "slip": 4.752851711026616, "restitution": 1, "friction": 1, "height": 0.3333333333333333}, "hold44": {"width": 0.3333333333333333, "positionX": 16.21875, "positionY": 34.9375, "crumble": 0, "slip": 0.0, "restitution": 1, "friction": 1, "height": 0.3333333333333333}, "hold23": {"width": 0.3333333333333333, "positionX": 13.90625, "positionY": 42.5, "crumble": 0, "slip": 4.752851711026616, "restitution": 1, "friction": 1, "height": 0.3333333333333333}, "hold22": {"width": 0.3333333333333333, "positionX": 14.875, "positionY": 41.53125, "crumble": 0, "slip": 4.752851711026616, "restitution": 1, "friction": 1, "height": 0.3333333333333333}, "hold21": {"width": 0.3333333333333333, "positionX": 16.78125, "positionY": 40.4375, "crumble": 0, "slip": 4.752851711026616, "restitution": 1, "friction": 1, "height": 0.3333333333333333}, "hold20": {"width": 0.3333333333333333, "positionX": 18.5, "positionY": 39.28125, "crumble": 0, "slip": 4.752851711026616, "restitution": 1, "friction": 1, "height": 0.3333333333333333}, "hold27": {"width": 0.3333333333333333, "positionX": 23.0625, "positionY": 43.6875, "crumble": 0, "slip": 4.752851711026616, "restitution": 1, "friction": 1, "height": 0.3333333333333333}, "hold26": {"width": 0.3333333333333333, "positionX": 16.09375, "positionY": 43.9375, "crumble": 0, "slip": 4.752851711026616, "restitution": 1, "friction": 1, "height": 0.3333333333333333}, "hold25": {"width": 0.3333333333333333, "positionX": 8.625, "positionY": 43.96875, "crumble": 0, "slip": 4.752851711026616, "restitution": 1, "friction": 1, "height": 0.3333333333333333}, "hold24": {"width": 0.3333333333333333, "positionX": 17.75, "positionY": 43.875, "crumble": 0, "slip": 4.752851711026616, "restitution": 1, "friction": 1, "height": 0.3333333333333333}, "hold45": {"width": 0.3333333333333333, "positionX": 16.34375, "positionY": 37.5, "crumble": 0, "slip": 0.0, "restitution": 1, "friction": 1, "height": 0.3333333333333333}, "hold38": {"width": 0.3333333333333333, "positionX": 15.78125, "positionY": 1.3750000000000009, "crumble": 0, "slip": 0.0, "restitution": 1, "friction": 1, "height": 0.3333333333333333}, "hold41": {"width": 0.3333333333333333, "positionX": 14.3125, "positionY": 26.28125, "crumble": 0, "slip": 0.0, "restitution": 1, "friction": 1, "height": 0.3333333333333333}, "hold40": {"width": 0.3333333333333333, "positionX": 13.6875, "positionY": 10.125, "crumble": 0, "slip": 0.0, "restitution": 1, "friction": 1, "height": 0.3333333333333333}, "hold43": {"width": 0.3333333333333333, "positionX": 15.875, "positionY": 30.34375, "crumble": 0, "slip": 0.0, "restitution": 1, "friction": 1, "height": 0.3333333333333333}, "hold42": {"width": 0.3333333333333333, "positionX": 14.53125, "positionY": 28.625, "crumble": 0, "slip": 0.0, "restitution": 1, "friction": 1, "height": 0.3333333333333333}, "hold36": {"width": 0.3333333333333333, "positionX": 19.84375, "positionY": 4.062499999999999, "crumble": 0, "slip": 0.0, "restitution": 1, "friction": 1, "height": 0.3333333333333333}, "hold8": {"width": 0.3333333333333333, "positionX": 15.40625, "positionY": 22.09375, "crumble": 0, "slip": 4.752851711026616, "restitution": 1, "friction": 1, "height": 0.3333333333333333}, "hold9": {"width": 0.3333333333333333, "positionX": 13.4375, "positionY": 24.749999999999996, "crumble": 0, "slip": 4.752851711026616, "restitution": 1, "friction": 1, "height": 0.3333333333333333}, "hold37": {"width": 0.3333333333333333, "positionX": 15.75, "positionY": 9.4375, "crumble": 0, "slip": 0.0, "restitution": 1, "friction": 1, "height": 0.3333333333333333}, "hold39": {"width": 0.3333333333333333, "positionX": 22.78125, "positionY": 0.75, "crumble": 0, "slip": 0.0, "restitution": 1, "friction": 1, "height": 0.3333333333333333}, "hold0": {"width": 0.3333333333333333, "positionX": 13.84375, "positionY": 11.875000000000002, "crumble": 0, "slip": 4.752851711026616, "restitution": 1, "friction": 1, "height": 0.3333333333333333}, "hold1": {"width": 0.3333333333333333, "positionX": 17.5, "positionY": 11.78125, "crumble": 0, "slip": 4.752851711026616, "restitution": 1, "friction": 1, "height": 0.3333333333333333}, "hold2": {"width": 0.3333333333333333, "positionX": 10.0625, "positionY": 16.125, "crumble": 0, "slip": 4.752851711026616, "restitution": 1, "friction": 1, "height": 0.3333333333333333}, "hold3": {"width": 0.3333333333333333, "positionX": 14.0, "positionY": 15.875, "crumble": 0, "slip": 4.752851711026616, "restitution": 1, "friction": 1, "height": 0.3333333333333333}, "hold4": {"width": 0.3333333333333333, "positionX": 16.96875, "positionY": 16.000000000000004, "crumble": 0, "slip": 4.752851711026616, "restitution": 1, "friction": 1, "height": 0.3333333333333333}, "hold5": {"width": 0.3333333333333333, "positionX": 20.71875, "positionY": 15.9375, "crumble": 0, "slip": 4.752851711026616, "restitution": 1, "friction": 1, "height": 0.3333333333333333}, "hold6": {"width": 0.3333333333333333, "positionX": 12.5625, "positionY": 18.71875, "crumble": 0, "slip": 4.752851711026616, "restitution": 1, "friction": 1, "height": 0.3333333333333333}, "hold7": {"width": 0.3333333333333333, "positionX": 18.6875, "positionY": 18.65625, "crumble": 0, "slip": 4.752851711026616, "restitution": 1, "friction": 1, "height": 0.3333333333333333}, "hold12": {"width": 0.3333333333333333, "positionX": 8.09375, "positionY": 28.9375, "crumble": 0, "slip": 4.752851711026616, "restitution": 1, "friction": 1, "height": 0.3333333333333333}, "hold13": {"width": 0.3333333333333333, "positionX": 10.5625, "positionY": 29.96875, "crumble": 0, "slip": 4.752851711026616, "restitution": 1, "friction": 1, "height": 0.3333333333333333}, "hold10": {"width": 0.3333333333333333, "positionX": 17.9375, "positionY": 24.71875, "crumble": 0, "slip": 4.752851711026616, "restitution": 1, "friction": 1, "height": 0.3333333333333333}, "hold11": {"width": 0.3333333333333333, "positionX": 10.28125, "positionY": 26.6875, "crumble": 0, "slip": 4.752851711026616, "restitution": 1, "friction": 1, "height": 0.3333333333333333}, "hold16": {"width": 0.3333333333333333, "positionX": 17.65625, "positionY": 33.625, "crumble": 0, "slip": 4.752851711026616, "restitution": 1, "friction": 1, "height": 0.3333333333333333}, "hold17": {"width": 0.3333333333333333, "positionX": 20.9375, "positionY": 35.34375, "crumble": 0, "slip": 4.752851711026616, "restitution": 1, "friction": 1, "height": 0.3333333333333333}, "hold14": {"width": 0.3333333333333333, "positionX": 14.25, "positionY": 31.15625, "crumble": 0, "slip": 4.752851711026616, "restitution": 1, "friction": 1, "height": 0.3333333333333333}, "hold15": {"width": 0.3333333333333333, "positionX": 16.1875, "positionY": 32.40625, "crumble": 0, "slip": 4.752851711026616, "restitution": 1, "friction": 1, "height": 0.3333333333333333}, "hold34": {"width": 0.3333333333333333, "positionX": 20.0, "positionY": 2.1562500000000013, "crumble": 0, "slip": 0.0, "restitution": 1, "friction": 1, "height": 0.3333333333333333}, "hold35": {"width": 0.3333333333333333, "positionX": 12.1875, "positionY": 4.031250000000001, "crumble": 0, "slip": 0.0, "restitution": 1, "friction": 1, "height": 0.3333333333333333}, "hold18": {"width": 0.3333333333333333, "positionX": 22.9375, "positionY": 36.53125, "crumble": 0, "slip": 4.752851711026616, "restitution": 1, "friction": 1, "height": 0.3333333333333333}, "hold19": {"width": 0.3333333333333333,