{"difficulty": "easy", "obstacles": {}, "static": {"obstacle0": {"y": 16.384447674418606, "x": 14.415697674418604, "size": 0.6812015503875969}, "obstacle1": {"y": 14.571947674418604, "x": 15.728197674418604, "size": 0.6812015503875969}, "obstacle2": {"y": 16.603197674418606, "x": 16.790697674418603, "size": 0.6812015503875969}}, "handholds": {"hold29": {"width": 0.3333333333333333, "positionX": 18.15625, "positionY": 13.3125, "crumble": 0, "slip": 8.372093023255815, "restitution": 1, "friction": 1, "height": 0.3333333333333333}, "hold28": {"width": 0.3333333333333333, "positionX": 13.28125, "positionY": 13.656249999999998, "crumble": 0, "slip": 8.372093023255815, "restitution": 1, "friction": 1, "height": 0.3333333333333333}, "hold23": {"width": 0.3333333333333333, "positionX": 22.875000000000004, "positionY": 20.34375, "crumble": 0, "slip": 8.372093023255815, "restitution": 1, "friction": 1, "height": 0.3333333333333333}, "hold22": {"width": 0.3333333333333333, "positionX": 21.374999999999996, "positionY": 18.59375, "crumble": 0, "slip": 8.372093023255815, "restitution": 1, "friction": 1, "height": 0.3333333333333333}, "hold21": {"width": 0.3333333333333333, "positionX": 18.03125, "positionY": 20.125, "crumble": 0, "slip": 8.372093023255815, "restitution": 1, "friction": 1, "height": 0.3333333333333333}, "hold20": {"width": 0.3333333333333333, "positionX": 16.21875, "positionY": 20.5625, "crumble": 0, "slip": 8.372093023255815, "restitution": 1, "friction": 1, "height": 0.3333333333333333}, "hold27": {"width": 0.3333333333333333, "positionX": 18.40625, "positionY": 11.15625, "crumble": 0, "slip": 8.372093023255815, "restitution": 1, "friction": 1, "height": 0.3333333333333333}, "hold26": {"width": 0.3333333333333333, "positionX": 20.28125, "positionY": 13.593749999999998, "crumble": 0, "slip": 8.372093023255815, "restitution": 1, "friction": 1, "height": 0.3333333333333333}, "hold25": {"width": 0.3333333333333333, "positionX": 20.59375, "positionY": 16.5, "crumble": 0, "slip": 8.372093023255815, "restitution": 1, "friction": 1, "height": 0.3333333333333333}, "hold24": {"width": 0.3333333333333333, "positionX": 19.968749999999996, "positionY": 19.90625, "crumble": 0, "slip": 8.372093023255815, "restitution": 1, "friction": 1, "height": 0.3333333333333333}, "hold8": {"width": 0.3333333333333333, "positionX": 15.65625, "positionY": 6.3125, "crumble": 0, "slip": 8.372093023255815, "restitution": 1, "friction": 1, "height": 0.3333333333333333}, "hold9": {"width": 0.3333333333333333, "positionX": 17.312499999999996, "positionY": 7.125000000000001, "crumble": 0, "slip": 8.372093023255815, "restitution": 1, "friction": 1, "height": 0.3333333333333333}, "hold0": {"width": 0.3333333333333333, "positionX": 15.34375, "positionY": 0.3437500000000012, "crumble": 0, "slip": 8.372093023255815, "restitution": 1, "friction": 1, "height": 0.3333333333333333}, "hold1": {"width": 0.3333333333333333, "positionX": 17.78125, "positionY": 0.3437500000000012, "crumble": 0, "slip": 8.372093023255815, "restitution": 1, "friction": 1, "height": 0.3333333333333333}, "hold2": {"width": 0.3333333333333333, "positionX": 14.5625, "positionY": 2.124999999999999, "crumble": 0, "slip": 8.372093023255815, "restitution": 1, "friction": 1, "height": 0.3333333333333333}, "hold3": {"width": 0.3333333333333333, "positionX": 18.718749999999996, "positionY": 1.5000000000000004, "crumble": 0, "slip": 8.372093023255815, "restitution": 1, "friction": 1, "height": 0.3333333333333333}, "hold4": {"width": 0.3333333333333333, "positionX": 14.9375, "positionY": 3.2812500000000004, "crumble": 0, "slip": 8.372093023255815, "restitution": 1, "friction": 1, "height": 0.3333333333333333}, "hold5": {"width": 0.3333333333333333, "positionX": 18.0625, "positionY": 3.3437500000000004, "crumble": 0, "slip": 8.372093023255815, "restitution": 1, "friction": 1, "height": 0.3333333333333333}, "hold6": {"width": 0.3333333333333333, "positionX": 15.15625, "positionY": 4.906250000000001, "crumble": 0, "slip": 8.372093023255815, "restitution": 1, "friction": 1, "height": 0.3333333333333333}, "hold7": {"width": 0.3333333333333333, "positionX": 17.406249999999996, "positionY": 4.937500000000001, "crumble": 0, "slip": 8.372093023255815, "restitution": 1, "friction": 1, "height": 0.3333333333333333}, "hold12": {"width": 0.3333333333333333, "positionX": 15.125, "positionY": 9.90625, "crumble": 0, "slip": 8.372093023255815, "restitution": 1, "friction": 1, "height": 0.3333333333333333}, "hold13": {"width": 0.3333333333333333, "positionX": 13.34375, "positionY": 11.5625, "crumble": 0, "slip": 8.372093023255815, "restitution": 1, "friction": 1, "height": 0.3333333333333333}, "hold10": {"width": 0.3333333333333333, "positionX": 15.25, "positionY": 7.96875, "crumble": 0, "slip": 8.372093023255815, "restitution": 1, "friction": 1, "height": 0.3333333333333333}, "hold11": {"width": 0.3333333333333333, "positionX": 18.125, "positionY": 9.375, "crumble": 0, "slip": 8.372093023255815, "restitution": 1, "friction": 1, "height": 0.3333333333333333}, "hold16": {"width": 0.3333333333333333, "positionX": 9.28125, "positionY": 17.3125, "crumble": 0, "slip": 8.372093023255815, "restitution": 1, "friction": 1, "height": 0.3333333333333333}, "hold17": {"width": 0.3333333333333333, "positionX": 8.6875, "positionY": 19.90625, "crumble": 0, "slip": 8.372093023255815, "restitution": 1, "friction": 1, "height": 0.3333333333333333}, "hold14": {"width": 0.3333333333333333, "positionX": 11.65625, "positionY": 13.5, "crumble": 0, "slip": 8.372093023255815, "restitution": 1, "friction": 1, "height": 0.3333333333333333}, "hold15": {"width": 0.3333333333333333, "positionX": 10.1875, "positionY": 15.0625, "crumble": 0, "slip": 8.372093023255815, "restitution": 1, "friction": 1, "height": 0.3333333333333333}, "hold18": {"width": 0.3333333333333333, "positionX": 11.125000000000002, "positionY": 18.5, "crumble": 0, "slip": 8.372093023255815, "restitution": 1, "friction": 1, "height": 0.3333333333333333}, "hold19": {"width": 0.3333333333333333, "positionX": 13.59375, "positionY": 19.6875, "crumble": 0, "slip": 8.372093023255815, "restitution": 1, "friction": 1, "height": 0.3333333333333333}}, "size": 22}