{"difficulty": "easy", "obstacles": {}, "static": {}, "handholds": {"hold23": {"width": 0.3333333333333333, "positionX": 20.062499999999996, "positionY": -0.06249999999999939, "crumble": 0, "slip": 12.558139534883722, "restitution": 1, "friction": 1, "height": 0.3333333333333333}, "hold22": {"width": 0.3333333333333333, "positionX": 17.281249999999996, "positionY": 0.5312499999999991, "crumble": 0, "slip": 12.558139534883722, "restitution": 1, "friction": 1, "height": 0.3333333333333333}, "hold21": {"width": 0.3333333333333333, "positionX": 13.15625, "positionY": 0.8124999999999996, "crumble": 0, "slip": 12.558139534883722, "restitution": 1, "friction": 1, "height": 0.3333333333333333}, "hold20": {"width": 0.3333333333333333, "positionX": 16.46875, "positionY": 2.78125, "crumble": 0, "slip": 12.558139534883722, "restitution": 1, "friction": 1, "height": 0.3333333333333333}, "hold25": {"width": 0.3333333333333333, "positionX": 18.3125, "positionY": 1.5312500000000004, "crumble": 0, "slip": 12.558139534883722, "restitution": 1, "friction": 1, "height": 0.3333333333333333}, "hold24": {"width": 0.3333333333333333, "positionX": 14.96875, "positionY": 2.0312500000000013, "crumble": 0, "slip": 12.558139534883722, "restitution": 1, "friction": 1, "height": 0.3333333333333333}, "hold8": {"width": 0.3333333333333333, "positionX": 12.625, "positionY": 17.78125, "crumble": 0, "slip": 12.558139534883722, "restitution": 1, "friction": 1, "height": 0.3333333333333333}, "hold9": {"width": 0.3333333333333333, "positionX": 15.21875, "positionY": 18.875, "crumble": 0, "slip": 12.558139534883722, "restitution": 1, "friction": 1, "height": 0.3333333333333333}, "hold0": {"width": 0.3333333333333333, "positionX": 12.21875, "positionY": 9.59375, "crumble": 0, "slip": 12.558139534883722, "restitution": 1, "friction": 1, "height": 0.3333333333333333}, "hold1": {"width": 0.3333333333333333, "positionX": 14.8125, "positionY": 9.0, "crumble": 0, "slip": 12.558139534883722, "restitution": 1, "friction": 1, "height": 0.3333333333333333}, "hold2": {"width": 0.3333333333333333, "positionX": 10.25, "positionY": 10.312500000000002, "crumble": 0, "slip": 12.558139534883722, "restitution": 1, "friction": 1, "height": 0.3333333333333333}, "hold3": {"width": 0.3333333333333333, "positionX": 13.1875, "positionY": 10.96875, "crumble": 0, "slip": 12.558139534883722, "restitution": 1, "friction": 1, "height": 0.3333333333333333}, "hold4": {"width": 0.3333333333333333, "positionX": 10.90625, "positionY": 12.187499999999998, "crumble": 0, "slip": 12.558139534883722, "restitution": 1, "friction": 1, "height": 0.3333333333333333}, "hold5": {"width": 0.3333333333333333, "positionX": 14.0, "positionY": 13.656249999999998, "crumble": 0, "slip": 12.558139534883722, "restitution": 1, "friction": 1, "height": 0.3333333333333333}, "hold6": {"width": 0.3333333333333333, "positionX": 10.90625, "positionY": 15.09375, "crumble": 0, "slip": 12.558139534883722, "restitution": 1, "friction": 1, "height": 0.3333333333333333}, "hold7": {"width": 0.3333333333333333, "positionX": 14.21875, "positionY": 15.9375, "crumble": 0, "slip": 12.558139534883722, "restitution": 1, "friction": 1, "height": 0.3333333333333333}, "hold12": {"width": 0.3333333333333333, "positionX": 15.78125, "positionY": 20.75, "crumble": 0, "slip": 12.558139534883722, "restitution": 1, "friction": 1, "height": 0.3333333333333333}, "hold13": {"width": 0.3333333333333333, "positionX": 10.96875, "positionY": 8.375, "crumble": 0, "slip": 12.558139534883722, "restitution": 1, "friction": 1, "height": 0.3333333333333333}, "hold10": {"width": 0.3333333333333333, "positionX": 13.125, "positionY": 20.15625, "crumble": 0, "slip": 12.558139534883722, "restitution": 1, "friction": 1, "height": 0.3333333333333333}, "hold11": {"width": 0.3333333333333333, "positionX": 17.65625, "positionY": 20.53125, "crumble": 0, "slip": 12.558139534883722, "restitution": 1, "friction": 1, "height": 0.3333333333333333}, "hold16": {"width": 0.3333333333333333, "positionX": 18.781250000000004, "positionY": 6.28125, "crumble": 0, "slip": 12.558139534883722, "restitution": 1, "friction": 1, "height": 0.3333333333333333}, "hold17": {"width": 0.3333333333333333, "positionX": 16.53125, "positionY": 5.281250000000001, "crumble": 0, "slip": 12.558139534883722, "restitution": 1, "friction": 1, "height": 0.3333333333333333}, "hold14": {"width": 0.3333333333333333, "positionX": 13.84375, "positionY": 7.281249999999999, "crumble": 0, "slip": 12.558139534883722, "restitution": 1, "friction": 1, "height": 0.3333333333333333}, "hold15": {"width": 0.3333333333333333, "positionX": 16.90625, "positionY": 7.156249999999999, "crumble": 0, "slip": 12.558139534883722, "restitution": 1, "friction": 1, "height": 0.3333333333333333}, "hold18": {"width": 0.3333333333333333, "positionX": 13.84375, "positionY": 5.187500000000001, "crumble": 0, "slip": 12.558139534883722, "restitution": 1, "friction": 1, "height": 0.3333333333333333}, "hold19": {"width": 0.3333333333333333, "positionX": 18.781250000000004, "positionY": 4.031249999999999, "crumble": 0, "slip": 12.558139534883722, "restitution": 1, "friction": 1, "height": 0.3333333333333333}}, "size": 22}