{"difficulty": "medium", "obstacles": {}, "static": {"obstacle8": {"y": 16.375, "x": 26.03125, "size": 0.3333333333333333}, "obstacle9": {"y": 15.0, "x": 24.6875, "size": 0.3333333333333333}, "obstacle0": {"y": 16.4375, "x": 23.0, "size": 0.3333333333333333}, "obstacle1": {"y": 14.624999999999998, "x": 21.15625, "size": 0.3333333333333333}, "obstacle2": {"y": 15.09375, "x": 8.90625, "size": 0.3333333333333333}, "obstacle3": {"y": 16.1875, "x": 10.71875, "size": 0.3333333333333333}, "obstacle4": {"y": 14.843750000000002, "x": 12.15625, "size": 0.3333333333333333}, "obstacle5": {"y": 16.65625, "x": 13.625, "size": 0.3333333333333333}, "obstacle6": {"y": 15.125, "x": 14.5, "size": 0.3333333333333333}, "obstacle7": {"y": 14.781250000000002, "x": 27.4375, "size": 0.3333333333333333}}, "handholds": {"hold28": {"width": 0.3333333333333333, "positionX": 17.562500000000004, "positionY": 11.28125, "crumble": 0.0, "slip": 0, "restitution": 1, "movement": {"endY": 19.0, "endX": 17.343749999999996, "startX": 17.562500000000004, "startY": 11.28125, "speed": 1.9709302325581395}, "friction": 1, "height": 0.3333333333333333}, "hold23": {"width": 0.3333333333333333, "positionX": 19.25, "positionY": 20.0625, "crumble": 0.0, "slip": 0, "restitution": 1, "friction": 1, "height": 0.3333333333333333}, "hold22": {"width": 0.3333333333333333, "positionX": 15.4375, "positionY": 20.40625, "crumble": 0.0, "slip": 0, "restitution": 1, "friction": 1, "height": 0.3333333333333333}, "hold21": {"width": 0.3333333333333333, "positionX": 22.15625, "positionY": 10.84375, "crumble": 0.0, "slip": 0, "restitution": 1, "friction": 1, "height": 0.3333333333333333}, "hold20": {"width": 0.3333333333333333, "positionX": 13.25, "positionY": 23.65625, "crumble": 0.0, "slip": 0, "restitution": 1, "friction": 1, "height": 0.3333333333333333}, "hold26": {"width": 0.3333333333333333, "positionX": 10.3125, "positionY": 4.0, "crumble": 0.0, "slip": 0, "restitution": 1, "movement": {"endY": 4.125, "endX": 25.65625, "startX": 10.3125, "startY": 4.0, "speed": 1.9709302325581395}, "friction": 1, "height": 0.3333333333333333}, "hold24": {"width": 0.3333333333333333, "positionX": 20.53125, "positionY": 22.4375, "crumble": 0.0, "slip": 0, "restitution": 1, "friction": 1, "height": 0.3333333333333333}, "hold8": {"width": 0.3333333333333333, "positionX": 18.781250000000004, "positionY": 0.59375, "crumble": 0.0, "slip": 0, "restitution": 1, "friction": 1, "height": 0.3333333333333333}, "hold9": {"width": 0.3333333333333333, "positionX": 16.21875, "positionY": 0.6875000000000002, "crumble": 0.0, "slip": 0, "restitution": 1, "friction": 1, "height": 0.3333333333333333}, "hold0": {"width": 0.3333333333333333, "positionX": 16.84375, "positionY": 21.96875, "crumble": 0.0, "slip": 0, "restitution": 1, "friction": 1, "height": 0.3333333333333333}, "hold1": {"width": 0.3333333333333333, "positionX": 19.4375, "positionY": 24.0625, "crumble": 0.0, "slip": 0, "restitution": 1, "friction": 1, "height": 0.3333333333333333}, "hold2": {"width": 0.3333333333333333, "positionX": 15.625, "positionY": 23.9375, "crumble": 0.0, "slip": 0, "restitution": 1, "friction": 1, "height": 0.3333333333333333}, "hold3": {"width": 0.3333333333333333, "positionX": 22.5625, "positionY": 24.0625, "crumble": 0.0, "slip": 0, "restitution": 1, "friction": 1, "height": 0.3333333333333333}, "hold4": {"width": 0.3333333333333333, "positionX": 18.1875, "positionY": 21.0, "crumble": 0.0, "slip": 0, "restitution": 1, "friction": 1, "height": 0.3333333333333333}, "hold5": {"width": 0.3333333333333333, "positionX": 22.718749999999996, "positionY": 6.437500000000001, "crumble": 0.0, "slip": 0, "restitution": 1, "friction": 1, "height": 0.3333333333333333}, "hold6": {"width": 0.3333333333333333, "positionX": 25.531250000000004, "positionY": 8.46875, "crumble": 0.0, "slip": 0, "restitution": 1, "friction": 1, "height": 0.3333333333333333}, "hold7": {"width": 0.3333333333333333, "positionX": 10.468750000000002, "positionY": 0.625, "crumble": 0.0, "slip": 0, "restitution": 1, "friction": 1, "height": 0.3333333333333333}, "hold12": {"width": 0.3333333333333333, "positionX": 13.96875, "positionY": 3.6875, "crumble": 0.0, "slip": 0, "restitution": 1, "friction": 1, "height": 0.3333333333333333}, "hold13": {"width": 0.3333333333333333, "positionX": 15.75, "positionY": 2.3125, "crumble": 0.0, "slip": 0, "restitution": 1, "friction": 1, "height": 0.3333333333333333}, "hold10": {"width": 0.3333333333333333, "positionX": 13.03125, "positionY": 0.7187500000000002, "crumble": 0.0, "slip": 0, "restitution": 1, "friction": 1, "height": 0.3333333333333333}, "hold11": {"width": 0.3333333333333333, "positionX": 11.4375, "positionY": 2.6875000000000004, "crumble": 0.0, "slip": 0, "restitution": 1, "friction": 1, "height": 0.3333333333333333}, "hold16": {"width": 0.3333333333333333, "positionX": 20.031249999999996, "positionY": 11.437499999999998, "crumble": 0.0, "slip": 0, "restitution": 1, "friction": 1, "height": 0.3333333333333333}, "hold17": {"width": 0.3333333333333333, "positionX": 23.09375, "positionY": 8.5625, "crumble": 0.0, "slip": 0, "restitution": 1, "friction": 1, "height": 0.3333333333333333}, "hold14": {"width": 0.3333333333333333, "positionX": 24.90625, "positionY": 6.406250000000001, "crumble": 0.0, "slip": 0, "restitution": 1, "friction": 1, "height": 0.3333333333333333}, "hold15": {"width": 0.3333333333333333, "positionX": 19.59375, "positionY": 9.812500000000002, "crumble": 0.0, "slip": 0, "restitution": 1, "friction": 1, "height": 0.3333333333333333}, "hold18": {"width": 0.3333333333333333, "positionX": 21.03125, "positionY": 8.000000000000002, "crumble": 0.0, "slip": 0, "restitution": 1, "friction": 1, "height": 0.3333333333333333}, "hold19": {"width": 0.3333333333333333, "positionX": 14.15625, "positionY": 21.625, "crumble": 0.0, "slip": 0, "restitution": 1, "friction": 1, "height": 0.3333333333333333}}, "size": 25.16673362796303}