{"handholds": {"hold28": {"width": 0.3333333333333333, "positionX": 23.4375, "positionY": 15.125, "crumble": 0, "slip": 0, "restitution": 1, "friction": 1, "height": 0.3333333333333333}, "hold23": {"width": 0.3333333333333333, "positionX": 13.875, "positionY": 17.812500000000004, "crumble": 0, "slip": 0, "restitution": 1, "friction": 1, "height": 0.3333333333333333}, "hold22": {"width": 0.3333333333333333, "positionX": 10.375, "positionY": 21.375000000000004, "crumble": 0, "slip": 0, "restitution": 1, "friction": 1, "height": 0.3333333333333333}, "hold21": {"width": 0.3333333333333333, "positionX": 13.6875, "positionY": 19.812500000000004, "crumble": 0, "slip": 0, "restitution": 1, "friction": 1, "height": 0.3333333333333333}, "hold20": {"width": 0.3333333333333333, "positionX": 12.3125, "positionY": 18.4375, "crumble": 0, "slip": 0, "restitution": 1, "friction": 1, "height": 0.3333333333333333}, "hold27": {"width": 0.3333333333333333, "positionX": 22.5625, "positionY": 9.312499999999998, "crumble": 0, "slip": 0, "restitution": 1, "friction": 1, "height": 0.3333333333333333}, "hold26": {"width": 0.3333333333333333, "positionX": 11.812499999999996, "positionY": 11.749999999999998, "crumble": 0, "slip": 0, "restitution": 1, "friction": 1, "height": 0.3333333333333333}, "hold25": {"width": 0.3333333333333333, "positionX": 10.374999999999996, "positionY": 10.312499999999998, "crumble": 0, "slip": 0, "restitution": 1, "friction": 1, "height": 0.3333333333333333}, "hold24": {"width": 0.3333333333333333, "positionX": 12.3125, "positionY": 9.312499999999998, "crumble": 0, "slip": 0, "restitution": 1, "friction": 1, "height": 0.3333333333333333}, "hold36": {"width": 0.3333333333333333, "positionX": 20.0, "positionY": 31.9375, "crumble": 0, "slip": 0, "restitution": 1, "movement": {"endY": 35.0625, "endX": 19.0, "startX": 20.0, "startY": 31.9375, "speed": 1.2880434782608696}, "friction": 1, "height": 0.3333333333333333}, "hold8": {"width": 0.3333333333333333, "positionX": 10.312499999999996, "positionY": 27.625, "crumble": 0, "slip": 0, "restitution": 1, "friction": 1, "height": 0.3333333333333333}, "hold9": {"width": 0.3333333333333333, "positionX": 12.1875, "positionY": 27.625, "crumble": 0, "slip": 0, "restitution": 1, "friction": 1, "height": 0.3333333333333333}, "hold0": {"width": 0.3333333333333333, "positionX": 13.3125, "positionY": 10.875000000000002, "crumble": 0, "slip": 0, "restitution": 1, "friction": 1, "height": 0.3333333333333333}, "hold1": {"width": 0.3333333333333333, "positionX": 10.437500000000004, "positionY": 12.749999999999998, "crumble": 0, "slip": 0, "restitution": 1, "friction": 1, "height": 0.3333333333333333}, "hold2": {"width": 0.3333333333333333, "positionX": 12.0625, "positionY": 15.062499999999996, "crumble": 0, "slip": 0, "restitution": 1, "friction": 1, "height": 0.3333333333333333}, "hold3": {"width": 0.3333333333333333, "positionX": 10.0625, "positionY": 15.500000000000004, "crumble": 0, "slip": 0, "restitution": 1, "friction": 1, "height": 0.3333333333333333}, "hold4": {"width": 0.3333333333333333, "positionX": 9.8125, "positionY": 17.5625, "crumble": 0, "slip": 0, "restitution": 1, "friction": 1, "height": 0.3333333333333333}, "hold5": {"width": 0.3333333333333333, "positionX": 11.0, "positionY": 17.937499999999996, "crumble": 0, "slip": 0, "restitution": 1, "friction": 1, "height": 0.3333333333333333}, "hold6": {"width": 0.3333333333333333, "positionX": 11.3125, "positionY": 24.5, "crumble": 0, "slip": 0, "restitution": 1, "friction": 1, "height": 0.3333333333333333}, "hold7": {"width": 0.3333333333333333, "positionX": 9.5, "positionY": 25.9375, "crumble": 0, "slip": 0, "restitution": 1, "friction": 1, "height": 0.3333333333333333}, "hold12": {"width": 0.3333333333333333, "positionX": 16.0, "positionY": 37.375, "crumble": 0, "slip": 0, "restitution": 1, "friction": 1, "height": 0.3333333333333333}, "hold13": {"width": 0.3333333333333333, "positionX": 17.125, "positionY": 37.375, "crumble": 0, "slip": 0, "restitution": 1, "friction": 1, "height": 0.3333333333333333}, "hold10": {"width": 0.3333333333333333, "positionX": 23.1875, "positionY": 21.875, "crumble": 0, "slip": 0, "restitution": 1, "friction": 1, "height": 0.3333333333333333}, "hold11": {"width": 0.3333333333333333, "positionX": 23.0625, "positionY": 28.562499999999996, "crumble": 0, "slip": 0, "restitution": 1, "friction": 1, "height": 0.3333333333333333}, "hold16": {"width": 0.3333333333333333, "positionX": 11.1875, "positionY": 35.375, "crumble": 0, "slip": 0, "restitution": 1, "friction": 1, "height": 0.3333333333333333}, "hold17": {"width": 0.3333333333333333, "positionX": 16.5, "positionY": 35.8125, "crumble": 0, "slip": 0, "restitution": 1, "friction": 1, "height": 0.3333333333333333}, "hold14": {"width": 0.3333333333333333, "positionX": 13.187499999999996, "positionY": 37.4375, "crumble": 0, "slip": 0, "restitution": 1, "friction": 1, "height": 0.3333333333333333}, "hold15": {"width": 0.3333333333333333, "positionX": 10.875, "positionY": 37.375, "crumble": 0, "slip": 0, "restitution": 1, "friction": 1, "height": 0.3333333333333333}, "hold34": {"width": 0.3333333333333333, "positionX": 21.0, "positionY": 24.312499999999996, "crumble": 0, "slip": 0, "restitution": 1, "movement": {"endY": 28.1875, "endX": 20.625, "startX": 21.0, "startY": 24.312499999999996, "speed": 1.2880434782608696}, "friction": 1, "height": 0.3333333333333333}, "hold18": {"width": 0.3333333333333333, "positionX": 14.0, "positionY": 34.875, "crumble": 0, "slip": 0, "restitution": 1, "friction": 1, "height": 0.3333333333333333}, "hold19": {"width": 0.3333333333333333, "positionX": 12.625, "positionY": 17.062499999999996, "crumble": 0, "slip": 0, "restitution": 1, "friction": 1, "height": 0.3333333333333333}, "hold30": {"width": 0.3333333333333333, "positionX": 21.0625, "positionY": 11.500000000000002, "crumble": 0, "slip": 0, "restitution": 1, "movement": {"endY": 15.312499999999998, "endX": 20.9375, "startX": 21.0625, "startY": 11.500000000000002, "speed": 1.2880434782608696}, "friction": 1, "height": 0.3333333333333333}, "hold32": {"width": 0.3333333333333333, "positionX": 21.125, "positionY": 18.062499999999996, "crumble": 0, "slip": 0, "restitution": 1, "movement": {"endY": 21.875, "endX": 21.0625, "startX": 21.125, "startY": 18.062499999999996, "speed": 1.2880434782608696}, "friction": 1, "height": 0.3333333333333333}}, "obstacles": {}, "difficulty": "notRanked", "static": {}, "id": 7, "size": 38.08301051466519}