{"handholds": {"hold29": {"width": 0.3333333333333333, "positionX": 8.999999999999996, "positionY": 15.0, "crumble": 0, "slip": 0, "restitution": 1, "movement": {"endY": 17.6875, "endX": 8.999999999999996, "startX": 8.999999999999996, "startY": 15.0, "speed": 0}, "friction": 1, "height": 0.3333333333333333}, "hold23": {"width": 0.3333333333333333, "positionX": 15.4375, "positionY": 14.312499999999998, "crumble": 0, "slip": 0, "restitution": 1, "movement": {"endY": 12.187499999999998, "endX": 15.0, "startX": 15.4375, "startY": 14.312499999999998, "speed": 0}, "friction": 1, "height": 0.3333333333333333}, "hold21": {"width": 0.3333333333333333, "positionX": 17.5625, "positionY": 11.749999999999998, "crumble": 0, "slip": 0, "restitution": 1, "movement": {"endY": 13.812500000000002, "endX": 17.5625, "startX": 17.5625, "startY": 11.749999999999998, "speed": 0}, "friction": 1, "height": 0.3333333333333333}, "hold27": {"width": 0.3333333333333333, "positionX": 11.0625, "positionY": 15.75, "crumble": 0, "slip": 0, "restitution": 1, "movement": {"endY": 14.0, "endX": 10.9375, "startX": 11.0625, "startY": 15.75, "speed": 0}, "friction": 1, "height": 0.3333333333333333}, "hold25": {"width": 0.3333333333333333, "positionX": 12.6875, "positionY": 12.6875, "crumble": 0, "slip": 0, "restitution": 1, "movement": {"endY": 14.874999999999998, "endX": 12.6875, "startX": 12.6875, "startY": 12.6875, "speed": 0}, "friction": 1, "height": 0.3333333333333333}, "hold17": {"width": 0.3333333333333333, "positionX": 22.0, "positionY": 11.187499999999996, "crumble": 0, "slip": 0, "restitution": 1, "movement": {"endY": 13.125, "endX": 21.8125, "startX": 22.0, "startY": 11.187499999999996, "speed": 0}, "friction": 1, "height": 0.3333333333333333}, "hold41": {"width": 0.3333333333333333, "positionX": 21.4375, "positionY": 22.75, "crumble": 0, "slip": 0, "restitution": 1, "movement": {"endY": 25.4375, "endX": 21.4375, "startX": 21.4375, "startY": 22.75, "speed": 0}, "friction": 1, "height": 0.3333333333333333}, "hold43": {"width": 0.3333333333333333, "positionX": 23.25, "positionY": 25.4375, "crumble": 0, "slip": 0, "restitution": 1, "movement": {"endY": 23.374999999999996, "endX": 23.25, "startX": 23.25, "startY": 25.4375, "speed": 0}, "friction": 1, "height": 0.3333333333333333}, "hold9": {"width": 0.3333333333333333, "positionX": 16.125, "positionY": 5.625000000000002, "crumble": 0, "slip": 0, "restitution": 1, "movement": {"endY": 3.7500000000000027, "endX": 16.0625, "startX": 16.125, "startY": 5.625000000000002, "speed": 0}, "friction": 1, "height": 0.3333333333333333}, "hold19": {"width": 0.3333333333333333, "positionX": 19.875, "positionY": 13.375000000000002, "crumble": 0, "slip": 0, "restitution": 1, "movement": {"endY": 11.5625, "endX": 19.75, "startX": 19.875, "startY": 13.375000000000002, "speed": 0}, "friction": 1, "height": 0.3333333333333333}, "hold1": {"width": 0.3333333333333333, "positionX": 9.8125, "positionY": 0.4375000000000029, "crumble": 0, "slip": 0, "restitution": 1, "movement": {"endY": 2.249999999999999, "endX": 9.8125, "startX": 9.8125, "startY": 0.4375000000000029, "speed": 0}, "friction": 1, "height": 0.3333333333333333}, "hold3": {"width": 0.3333333333333333, "positionX": 11.25, "positionY": 2.562499999999998, "crumble": 0, "slip": 0, "restitution": 1, "movement": {"endY": 0.5000000000000002, "endX": 11.25, "startX": 11.25, "startY": 2.562499999999998, "speed": 0}, "friction": 1, "height": 0.3333333333333333}, "hold5": {"width": 0.3333333333333333, "positionX": 12.75, "positionY": 2.562499999999998, "crumble": 0, "slip": 0, "restitution": 1, "movement": {"endY": 4.562499999999998, "endX": 12.6875, "startX": 12.75, "startY": 2.562499999999998, "speed": 0}, "friction": 1, "height": 0.3333333333333333}, "hold7": {"width": 0.3333333333333333, "positionX": 14.4375, "positionY": 2.9375000000000004, "crumble": 0, "slip": 0, "restitution": 1, "movement": {"endY": 4.874999999999997, "endX": 14.4375, "startX": 14.4375, "startY": 2.9375000000000004, "speed": 0}, "friction": 1, "height": 0.3333333333333333}, "hold13": {"width": 0.3333333333333333, "positionX": 20.25, "positionY": 6.500000000000002, "crumble": 0, "slip": 0, "restitution": 1, "movement": {"endY": 4.750000000000003, "endX": 20.25, "startX": 20.25, "startY": 6.500000000000002, "speed": 0}, "friction": 1, "height": 0.3333333333333333}, "hold11": {"width": 0.3333333333333333, "positionX": 18.0, "positionY": 3.500000000000001, "crumble": 0, "slip": 0, "restitution": 1, "movement": {"endY": 5.687499999999999, "endX": 18.0, "startX": 18.0, "startY": 3.500000000000001, "speed": 0}, "friction": 1, "height": 0.3333333333333333}, "hold39": {"width": 0.3333333333333333, "positionX": 18.75, "positionY": 24.562500000000004, "crumble": 0, "slip": 0, "restitution": 1, "movement": {"endY": 22.374999999999996, "endX": 18.625, "startX": 18.75, "startY": 24.562500000000004, "speed": 0}, "friction": 1, "height": 0.3333333333333333}, "hold15": {"width": 0.3333333333333333, "positionX": 21.75, "positionY": 9.437499999999998, "crumble": 0, "slip": 0, "restitution": 1, "movement": {"endY": 8.125, "endX": 21.875, "startX": 21.75, "startY": 9.437499999999998, "speed": 0}, "friction": 1, "height": 0.3333333333333333}, "hold35": {"width": 0.3333333333333333, "positionX": 13.9375, "positionY": 21.687500000000004, "crumble": 0, "slip": 0, "restitution": 1, "movement": {"endY": 20.250000000000004, "endX": 13.9375, "startX": 13.9375, "startY": 21.687500000000004, "speed": 0}, "friction": 1, "height": 0.3333333333333333}, "hold37": {"width": 0.3333333333333333, "positionX": 17.0, "positionY": 21.4375, "crumble": 0, "slip": 0, "restitution": 1, "movement": {"endY": 23.4375, "endX": 17.0, "startX": 17.0, "startY": 21.4375, "speed": 0}, "friction": 1, "height": 0.3333333333333333}, "hold31": {"width": 0.3333333333333333, "positionX": 10.312499999999996, "positionY": 18.875, "crumble": 0, "slip": 0, "restitution": 1, "movement": {"endY": 21.125000000000004, "endX": 10.437500000000004, "startX": 10.312499999999996, "startY": 18.875, "speed": 0}, "friction": 1, "height": 0.3333333333333333}, "hold33": {"width": 0.3333333333333333, "positionX": 11.875000000000004, "positionY": 21.0625, "crumble": 0, "slip": 0, "restitution": 1, "movement": {"endY": 19.499999999999996, "endX": 11.812499999999996, "startX": 11.875000000000004, "startY": 21.0625, "speed": 0}, "friction": 1, "height": 0.3333333333333333}}, "obstacles": {}, "difficulty": "notRanked", "static": {}, "id": 14, "size": 26.820143884892076}