{"handholds": {"hold23": {"width": 0.3333333333333333, "positionX": 19.0, "positionY": 11.5, "crumble": 0, "slip": 0, "restitution": 1, "movement": {"endY": 11.6875, "endX": 20.4375, "startX": 19.0, "startY": 11.5, "speed": 1.2954545454545454}, "friction": 1, "height": 0.3333333333333333}, "hold21": {"width": 0.3333333333333333, "positionX": 12.125, "positionY": 10.937500000000002, "crumble": 0, "slip": 0, "restitution": 1, "movement": {"endY": 19.0, "endX": 11.875000000000004, "startX": 12.125, "startY": 10.937500000000002, "speed": 1.2613636363636362}, "friction": 1, "height": 0.3333333333333333}, "hold27": {"width": 0.3333333333333333, "positionX": 17.375, "positionY": 16.625, "crumble": 0, "slip": 0, "restitution": 1, "movement": {"endY": 16.5, "endX": 19.375, "startX": 17.375, "startY": 16.625, "speed": 0.6136363636363635}, "friction": 1, "height": 0.3333333333333333}, "hold25": {"width": 0.3333333333333333, "positionX": 18.75, "positionY": 14.249999999999998, "crumble": 0, "slip": 0, "restitution": 1, "movement": {"endY": 14.312499999999998, "endX": 20.3125, "startX": 18.75, "startY": 14.249999999999998, "speed": 0.9204545454545453}, "friction": 1, "height": 0.3333333333333333}, "hold8": {"width": 0.3333333333333333, "positionX": 19.0, "positionY": 25.5, "crumble": 0, "slip": 0, "restitution": 1, "friction": 1, "height": 0.3333333333333333}, "hold9": {"width": 0.3333333333333333, "positionX": 16.5, "positionY": 26.625, "crumble": 0, "slip": 0, "restitution": 1, "friction": 1, "height": 0.3333333333333333}, "hold0": {"width": 0.3333333333333333, "positionX": 13.5, "positionY": 8.93, "crumble": 0, "slip": 0, "restitution": 1, "friction": 1, "height": 0.3333333333333333}, "hold1": {"width": 0.3333333333333333, "positionX": 19.0, "positionY": 9.18, "crumble": 0, "slip": 0, "restitution": 1, "friction": 1, "height": 0.3333333333333333}, "hold2": {"width": 0.3333333333333333, "positionX": 15.280000000000001, "positionY": 4.75, "crumble": 0, "slip": 0, "restitution": 1, "friction": 1, "height": 0.3333333333333333}, "hold3": {"width": 0.3333333333333333, "positionX": 17.5, "positionY": 4.5, "crumble": 0, "slip": 0, "restitution": 1, "friction": 1, "height": 0.3333333333333333}, "hold4": {"width": 0.3333333333333333, "positionX": 21.9375, "positionY": 18.812500000000004, "crumble": 0, "slip": 0, "restitution": 1, "friction": 1, "height": 0.3333333333333333}, "hold5": {"width": 0.3333333333333333, "positionX": 20.0, "positionY": 19.0, "crumble": 0, "slip": 0, "restitution": 1, "friction": 1, "height": 0.3333333333333333}, "hold6": {"width": 0.3333333333333333, "positionX": 20.4375, "positionY": 22.874999999999996, "crumble": 0, "slip": 0, "restitution": 1, "friction": 1, "height": 0.3333333333333333}, "hold7": {"width": 0.3333333333333333, "positionX": 22.5, "positionY": 22.9375, "crumble": 0, "slip": 0, "restitution": 1, "friction": 1, "height": 0.3333333333333333}, "hold12": {"width": 0.3333333333333333, "positionX": 10.500000000000004, "positionY": 0.4375000000000029, "crumble": 0, "slip": 0, "restitution": 1, "friction": 1, "height": 0.3333333333333333}, "hold13": {"width": 0.3333333333333333, "positionX": 12.5, "positionY": 0.4375000000000029, "crumble": 0, "slip": 0, "restitution": 1, "friction": 1, "height": 0.3333333333333333}, "hold10": {"width": 0.3333333333333333, "positionX": 14.687500000000004, "positionY": 26.812499999999996, "crumble": 0, "slip": 0, "restitution": 1, "friction": 1, "height": 0.3333333333333333}, "hold11": {"width": 0.3333333333333333, "positionX": 8.5625, "positionY": 0.3125000000000021, "crumble": 0, "slip": 0, "restitution": 1, "friction": 1, "height": 0.3333333333333333}, "hold16": {"width": 0.3333333333333333, "positionX": 15.0, "positionY": 2.875000000000003, "crumble": 0, "slip": 0, "restitution": 1, "friction": 1, "height": 0.3333333333333333}, "hold17": {"width": 0.3333333333333333, "positionX": 21.875, "positionY": 0.6250000000000009, "crumble": 0, "slip": 0, "restitution": 1, "friction": 1, "height": 0.3333333333333333}, "hold14": {"width": 0.3333333333333333, "positionX": 15.625, "positionY": 0.4375000000000029, "crumble": 0, "slip": 0, "restitution": 1, "friction": 1, "height": 0.3333333333333333}, "hold15": {"width": 0.3333333333333333, "positionX": 18.75, "positionY": 0.5000000000000002, "crumble": 0, "slip": 0, "restitution": 1, "friction": 1, "height": 0.3333333333333333}, "hold19": {"width": 0.3333333333333333, "positionX": 10.375, "positionY": 10.937499999999998, "crumble": 0, "slip": 0, "restitution": 1, "movement": {"endY": 18.8125, "endX": 10.5, "startX": 10.375, "startY": 10.937499999999998, "speed": 1.2613636363636362}, "friction": 1, "height": 0.3333333333333333}}, "obstacles": {}, "difficulty": "notRanked", "static": {"obstacle0": {"y": 18.062499999999996, "x": 14.750000000000004, "size": 0.3333333333333333}}, "id": 7, "size": 27.670171555063632}