{"handholds": {"hold8": {"width": 0.3333333333333333, "positionX": 9.625, "positionY": 2.0937499999999987, "crumble": 0, "slip": 0, "restitution": 1, "friction": 1, "height": 0.3333333333333333}, "hold9": {"width": 0.3333333333333333, "positionX": 13.28125, "positionY": 0.7187499999999993, "crumble": 0, "slip": 0, "restitution": 1, "friction": 1, "height": 0.3333333333333333}, "hold0": {"width": 0.3333333333333333, "positionX": 13.5, "positionY": 8.93, "crumble": 0, "slip": 0, "restitution": 1, "friction": 1, "height": 0.3333333333333333}, "hold1": {"width": 0.3333333333333333, "positionX": 19.0, "positionY": 9.18, "crumble": 0, "slip": 0, "restitution": 1, "friction": 1, "height": 0.3333333333333333}, "hold2": {"width": 0.3333333333333333, "positionX": 15.280000000000001, "positionY": 4.75, "crumble": 0, "slip": 0, "restitution": 1, "friction": 1, "height": 0.3333333333333333}, "hold3": {"width": 0.3333333333333333, "positionX": 17.5, "positionY": 4.5, "crumble": 0, "slip": 0, "restitution": 1, "friction": 1, "height": 0.3333333333333333}, "hold4": {"width": 0.3333333333333333, "positionX": 16.3125, "positionY": 11.1875, "crumble": 0, "slip": 0, "restitution": 1, "friction": 1, "height": 0.3333333333333333}, "hold5": {"width": 0.3333333333333333, "positionX": 12.625, "positionY": 12.9375, "crumble": 0, "slip": 0, "restitution": 1, "friction": 1, "height": 0.3333333333333333}, "hold6": {"width": 0.3333333333333333, "positionX": 9.781250000000002, "positionY": 13.906249999999998, "crumble": 0, "slip": 0, "restitution": 1, "friction": 1, "height": 0.3333333333333333}, "hold7": {"width": 0.3333333333333333, "positionX": 10.0, "positionY": 7.5625, "crumble": 0, "slip": 0, "restitution": 1, "friction": 1, "height": 0.3333333333333333}, "hold12": {"width": 0.3333333333333333, "positionX": 13.71875, "positionY": 3.3437500000000004, "crumble": 0, "slip": 0, "restitution": 1, "friction": 1, "height": 0.3333333333333333}, "hold13": {"width": 0.3333333333333333, "positionX": 19.78125, "positionY": 4.28125, "crumble": 0, "slip": 0, "restitution": 1, "friction": 1, "height": 0.3333333333333333}, "hold10": {"width": 0.3333333333333333, "positionX": 18.781250000000004, "positionY": 0.6874999999999993, "crumble": 0, "slip": 0, "restitution": 1, "friction": 1, "height": 0.3333333333333333}, "hold11": {"width": 0.3333333333333333, "positionX": 22.34375, "positionY": 1.21875, "crumble": 0, "slip": 0, "restitution": 1, "friction": 1, "height": 0.3333333333333333}, "hold16": {"width": 0.3333333333333333, "positionX": 17.125, "positionY": 20.28125, "crumble": 0, "slip": 0, "restitution": 1, "friction": 1, "height": 0.3333333333333333}, "hold17": {"width": 0.3333333333333333, "positionX": 15.0, "positionY": 21.21875, "crumble": 0, "slip": 0, "restitution": 1, "friction": 1, "height": 0.3333333333333333}, "hold14": {"width": 0.3333333333333333, "positionX": 22.4375, "positionY": 16.03125, "crumble": 0, "slip": 0, "restitution": 1, "friction": 1, "height": 0.3333333333333333}, "hold15": {"width": 0.3333333333333333, "positionX": 10.8125, "positionY": 19.71875, "crumble": 0, "slip": 0, "restitution": 1, "friction": 1, "height": 0.3333333333333333}, "hold22": {"width": 0.3333333333333333, "positionX": 21.374999999999996, "positionY": 10.562500000000002, "crumble": 0, "slip": 0, "restitution": 1, "movement": {"endY": 14.90625, "endX": 20.59375, "startX": 21.374999999999996, "startY": 10.562500000000002, "speed": 1.377906976744186}, "friction": 1, "height": 0.3333333333333333}, "hold18": {"width": 0.3333333333333333, "positionX": 19.5, "positionY": 21.53125, "crumble": 0, "slip": 0, "restitution": 1, "friction": 1, "height": 0.3333333333333333}, "hold20": {"width": 0.3333333333333333, "positionX": 11.0, "positionY": 17.1875, "crumble": 0, "slip": 0, "restitution": 1, "movement": {"endY": 17.34375, "endX": 20.25, "startX": 11.0, "startY": 17.1875, "speed": 1.377906976744186}, "friction": 1, "height": 0.3333333333333333}}, "obstacles": {}, "difficulty": "notRanked", "static": {}, "id": 1, "size": 22}