{"difficulty": "medium", "obstacles": {}, "static": {}, "handholds": {"hold29": {"width": 0.3333333333333333, "positionX": 11.84375, "positionY": 20.0, "crumble": 6.511627906976745, "slip": 0, "restitution": 1, "friction": 1, "height": 0.3333333333333333}, "hold28": {"width": 0.3333333333333333, "positionX": 22.5, "positionY": 11.656250000000002, "crumble": 6.511627906976745, "slip": 0, "restitution": 1, "friction": 1, "height": 0.3333333333333333}, "hold44": {"width": 0.3333333333333333, "positionX": 18.125, "positionY": 12.687499999999998, "crumble": 0.0, "slip": 0, "restitution": 1, "movement": {"endY": 15.625, "endX": 17.96875, "startX": 18.125, "startY": 12.687499999999998, "speed": 1.534883720930233}, "friction": 1, "height": 0.3333333333333333}, "hold23": {"width": 0.3333333333333333, "positionX": 16.71875, "positionY": 11.406250000000002, "crumble": 6.511627906976745, "slip": 0, "restitution": 1, "friction": 1, "height": 0.3333333333333333}, "hold22": {"width": 0.3333333333333333, "positionX": 14.53125, "positionY": 11.437499999999998, "crumble": 6.511627906976745, "slip": 0, "restitution": 1, "friction": 1, "height": 0.3333333333333333}, "hold21": {"width": 0.3333333333333333, "positionX": 25.0, "positionY": -0.125000000000001, "crumble": 6.511627906976745, "slip": 0, "restitution": 1, "friction": 1, "height": 0.3333333333333333}, "hold20": {"width": 0.3333333333333333, "positionX": 26.96875, "positionY": -0.2187500000000011, "crumble": 6.511627906976745, "slip": 0, "restitution": 1, "friction": 1, "height": 0.3333333333333333}, "hold27": {"width": 0.3333333333333333, "positionX": 20.5, "positionY": 11.531250000000002, "crumble": 6.511627906976745, "slip": 0, "restitution": 1, "friction": 1, "height": 0.3333333333333333}, "hold26": {"width": 0.3333333333333333, "positionX": 26.718750000000004, "positionY": 11.624999999999998, "crumble": 6.511627906976745, "slip": 0, "restitution": 1, "friction": 1, "height": 0.3333333333333333}, "hold25": {"width": 0.3333333333333333, "positionX": 12.09375, "positionY": 11.312499999999998, "crumble": 6.511627906976745, "slip": 0, "restitution": 1, "friction": 1, "height": 0.3333333333333333}, "hold24": {"width": 0.3333333333333333, "positionX": 10.0, "positionY": 11.468750000000002, "crumble": 6.511627906976745, "slip": 0, "restitution": 1, "friction": 1, "height": 0.3333333333333333}, "hold38": {"width": 0.3333333333333333, "positionX": 20.46875, "positionY": 1.5624999999999991, "crumble": 0.0, "slip": 0, "restitution": 1, "movement": {"endY": 10.031249999999998, "endX": 20.78125, "startX": 20.46875, "startY": 1.5624999999999991, "speed": 1.9709302325581395}, "friction": 1, "height": 0.3333333333333333}, "hold46": {"width": 0.3333333333333333, "positionX": 11.6875, "positionY": 13.28125, "crumble": 0.0, "slip": 0, "restitution": 1, "movement": {"endY": 18.5625, "endX": 15.125, "startX": 11.6875, "startY": 13.28125, "speed": 1}, "friction": 1, "height": 0.3333333333333333}, "hold40": {"width": 0.3333333333333333, "positionX": 12.65625, "positionY": 0.9062500000000004, "crumble": 0.0, "slip": 0, "restitution": 1, "movement": {"endY": 9.875000000000002, "endX": 12.375, "startX": 12.65625, "startY": 0.9062500000000004, "speed": 1.9709302325581395}, "friction": 1, "height": 0.3333333333333333}, "hold42": {"width": 0.3333333333333333, "positionX": 24.28125, "positionY": 13.34375, "crumble": 0.0, "slip": 0, "restitution": 1, "movement": {"endY": 18.71875, "endX": 21.0, "startX": 24.28125, "startY": 13.34375, "speed": 1}, "friction": 1, "height": 0.3333333333333333}, "hold36": {"width": 0.3333333333333333, "positionX": 16.71875, "positionY": 10.000000000000002, "crumble": 0.0, "slip": 0, "restitution": 1, "movement": {"endY": 1.7499999999999991, "endX": 16.5, "startX": 16.71875, "startY": 10.000000000000002, "speed": 1.9709302325581395}, "friction": 1, "height": 0.3333333333333333}, "hold8": {"width": 0.3333333333333333, "positionX": 23.71875, "positionY": 20.15625, "crumble": 6.511627906976745, "slip": 0, "restitution": 1, "friction": 1, "height": 0.3333333333333333}, "hold9": {"width": 0.3333333333333333, "positionX": 21.625, "positionY": 21.90625, "crumble": 6.511627906976745, "slip": 0, "restitution": 1, "friction": 1, "height": 0.3333333333333333}, "hold0": {"width": 0.3333333333333333, "positionX": 25.84375, "positionY": 11.906250000000002, "crumble": 6.511627906976745, "slip": 0, "restitution": 1, "friction": 1, "height": 0.3333333333333333}, "hold1": {"width": 0.3333333333333333, "positionX": 26.624999999999996, "positionY": 20.75, "crumble": 6.511627906976745, "slip": 0, "restitution": 1, "friction": 1, "height": 0.3333333333333333}, "hold2": {"width": 0.3333333333333333, "positionX": 27.625, "positionY": 20.34375, "crumble": 6.511627906976745, "slip": 0, "restitution": 1, "friction": 1, "height": 0.3333333333333333}, "hold3": {"width": 0.3333333333333333, "positionX": 17.625, "positionY": 22.0625, "crumble": 6.511627906976745, "slip": 0, "restitution": 1, "friction": 1, "height": 0.3333333333333333}, "hold4": {"width": 0.3333333333333333, "positionX": 15.3125, "positionY": 20.375, "crumble": 6.511627906976745, "slip": 0, "restitution": 1, "friction": 1, "height": 0.3333333333333333}, "hold5": {"width": 0.3333333333333333, "positionX": 13.15625, "positionY": 22.125, "crumble": 6.511627906976745, "slip": 0, "restitution": 1, "friction": 1, "height": 0.3333333333333333}, "hold6": {"width": 0.3333333333333333, "positionX": 8.78125, "positionY": 20.3125, "crumble": 6.511627906976745, "slip": 0, "restitution": 1, "friction": 1, "height": 0.3333333333333333}, "hold7": {"width": 0.3333333333333333, "positionX": 25.249999999999996, "positionY": 21.84375, "crumble": 6.511627906976745, "slip": 0, "restitution": 1, "friction": 1, "height": 0.3333333333333333}, "hold12": {"width": 0.3333333333333333, "positionX": 23.46875, "positionY": -8.881784197001252e-16, "crumble": 6.511627906976745, "slip": 0, "restitution": 1, "friction": 1, "height": 0.3333333333333333}, "hold13": {"width": 0.3333333333333333, "positionX": 9.0, "positionY": 11.468750000000002, "crumble": 6.511627906976745, "slip": 0, "restitution": 1, "friction": 1, "height": 0.3333333333333333}, "hold10": {"width": 0.3333333333333333, "positionX": 19.59375, "positionY": 20.0, "crumble": 6.511627906976745, "slip": 0, "restitution": 1, "friction": 1, "height": 0.3333333333333333}, "hold11": {"width": 0.3333333333333333, "positionX": 8.34375, "positionY": 21.375, "crumble": 6.511627906976745, "slip": 0, "restitution": 1, "friction": 1, "height": 0.3333333333333333}, "hold16": {"width": 0.3333333333333333, "positionX": 15.09375, "positionY": 0.24999999999999878, "crumble": 6.511627906976745, "slip": 0, "restitution": 1, "friction": 1, "height": 0.3333333333333333}, "hold17": {"width": 0.3333333333333333, "positionX": 16.40625, "positionY": 0.18750000000000122, "crumble": 6.511627906976745, "slip": 0, "restitution": 1, "friction": 1, "height": 0.3333333333333333}, "hold14": {"width": 0.3333333333333333, "positionX": 8.75, "positionY": 0.4062499999999998, "crumble": 6.511627906976745, "slip": 0, "restitution": 1, "friction": 1, "height": 0.3333333333333333}, "hold15": {"width": 0.3333333333333333, "positionX": 10.25, "positionY": 0.28124999999999956, "crumble": 6.511627906976745, "slip": 0, "restitution": 1, "friction": 1, "height": 0.3333333333333333}, "hold34": {"width": 0.3333333333333333, "positionX": 14.4375, "positionY": 23.90625, "crumble": 0.0, "slip": 0, "restitution": 1, "movement": {"endY": 24.125, "endX": 22.4375, "startX": 14.4375, "startY": 23.90625, "speed": 1.9709302325581395}, "friction": 1, "height": 0.3333333333333333}, "hold18": {"width": 0.3333333333333333, "positionX": 18.031250000000004, "positionY": -0.031249999999999112, "crumble": 6.511627906976745, "slip": 0, "restitution": 1, "friction": 1, "height": 0.3333333333333333}, "hold19": {"width": 0.3333333333333333, "positionX": 19.71875, "positionY": 0.18750000000000122,