{"handholds": {"hold28": {"width": 0.3333333333333333, "positionX": 10.375, "positionY": 30.375, "crumble": 0, "slip": 0, "restitution": 1, "friction": 1, "height": 0.3333333333333333}, "hold23": {"width": 0.3333333333333333, "positionX": 9.25, "positionY": 4.437500000000002, "crumble": 0, "slip": 0, "restitution": 1, "friction": 1, "height": 0.3333333333333333}, "hold22": {"width": 0.3333333333333333, "positionX": 21.6875, "positionY": 5.562499999999998, "crumble": 0, "slip": 0, "restitution": 1, "friction": 1, "height": 0.3333333333333333}, "hold21": {"width": 0.3333333333333333, "positionX": 20.875, "positionY": 14.8125, "crumble": 0, "slip": 0, "restitution": 1, "friction": 1, "height": 0.3333333333333333}, "hold20": {"width": 0.3333333333333333, "positionX": 22.625, "positionY": 10.125, "crumble": 0, "slip": 0, "restitution": 1, "friction": 1, "height": 0.3333333333333333}, "hold27": {"width": 0.3333333333333333, "positionX": 9.0625, "positionY": 26.625000000000004, "crumble": 0, "slip": 0, "restitution": 1, "friction": 1, "height": 0.3333333333333333}, "hold26": {"width": 0.3333333333333333, "positionX": 11.249999999999996, "positionY": 21.5, "crumble": 0, "slip": 0, "restitution": 1, "friction": 1, "height": 0.3333333333333333}, "hold25": {"width": 0.3333333333333333, "positionX": 9.375, "positionY": 14.374999999999998, "crumble": 0, "slip": 0, "restitution": 1, "friction": 1, "height": 0.3333333333333333}, "hold24": {"width": 0.3333333333333333, "positionX": 11.249999999999996, "positionY": 10.437499999999998, "crumble": 0, "slip": 0, "restitution": 1, "friction": 1, "height": 0.3333333333333333}, "hold8": {"width": 0.3333333333333333, "positionX": 13.562499999999996, "positionY": 31.1875, "crumble": 0, "slip": 0, "restitution": 1, "friction": 1, "height": 0.3333333333333333}, "hold9": {"width": 0.3333333333333333, "positionX": 17.3125, "positionY": 31.1875, "crumble": 0, "slip": 0, "restitution": 1, "friction": 1, "height": 0.3333333333333333}, "hold0": {"width": 0.3333333333333333, "positionX": 14.0, "positionY": 14.000000000000002, "crumble": 0, "slip": 0, "restitution": 1, "friction": 1, "height": 0.3333333333333333}, "hold1": {"width": 0.3333333333333333, "positionX": 17.6875, "positionY": 14.187500000000002, "crumble": 0, "slip": 0, "restitution": 1, "friction": 1, "height": 0.3333333333333333}, "hold2": {"width": 0.3333333333333333, "positionX": 17.75, "positionY": 17.250000000000004, "crumble": 0, "slip": 0, "restitution": 1, "friction": 1, "height": 0.3333333333333333}, "hold3": {"width": 0.3333333333333333, "positionX": 13.6875, "positionY": 17.75, "crumble": 0, "slip": 0, "restitution": 1, "friction": 1, "height": 0.3333333333333333}, "hold4": {"width": 0.3333333333333333, "positionX": 13.4375, "positionY": 23.562499999999996, "crumble": 0, "slip": 0, "restitution": 1, "friction": 1, "height": 0.3333333333333333}, "hold5": {"width": 0.3333333333333333, "positionX": 17.625, "positionY": 23.625, "crumble": 0, "slip": 0, "restitution": 1, "friction": 1, "height": 0.3333333333333333}, "hold6": {"width": 0.3333333333333333, "positionX": 17.5, "positionY": 27.499999999999996, "crumble": 0, "slip": 0, "restitution": 1, "friction": 1, "height": 0.3333333333333333}, "hold7": {"width": 0.3333333333333333, "positionX": 13.6875, "positionY": 27.8125, "crumble": 0, "slip": 0, "restitution": 1, "friction": 1, "height": 0.3333333333333333}, "hold12": {"width": 0.3333333333333333, "positionX": 16.5, "positionY": 2.375, "crumble": 0, "slip": 0, "restitution": 1, "friction": 1, "height": 0.3333333333333333}, "hold13": {"width": 0.3333333333333333, "positionX": 19.75, "positionY": 1.1875000000000016, "crumble": 0, "slip": 0, "restitution": 1, "friction": 1, "height": 0.3333333333333333}, "hold10": {"width": 0.3333333333333333, "positionX": 13.75, "positionY": 6.875, "crumble": 0, "slip": 0, "restitution": 1, "friction": 1, "height": 0.3333333333333333}, "hold11": {"width": 0.3333333333333333, "positionX": 14.3125, "positionY": 3.5624999999999982, "crumble": 0, "slip": 0, "restitution": 1, "friction": 1, "height": 0.3333333333333333}, "hold16": {"width": 0.3333333333333333, "positionX": 18.625, "positionY": 9.5625, "crumble": 0, "slip": 0, "restitution": 1, "friction": 1, "height": 0.3333333333333333}, "hold17": {"width": 0.3333333333333333, "positionX": 22.3125, "positionY": 26.437499999999996, "crumble": 0, "slip": 0, "restitution": 1, "friction": 1, "height": 0.3333333333333333}, "hold14": {"width": 0.3333333333333333, "positionX": 15.1875, "positionY": 0.7499999999999998, "crumble": 0, "slip": 0, "restitution": 1, "friction": 1, "height": 0.3333333333333333}, "hold15": {"width": 0.3333333333333333, "positionX": 19.0625, "positionY": 5.125000000000001, "crumble": 0, "slip": 0, "restitution": 1, "friction": 1, "height": 0.3333333333333333}, "hold18": {"width": 0.3333333333333333, "positionX": 22.5, "positionY": 19.3125, "crumble": 0, "slip": 0, "restitution": 1, "friction": 1, "height": 0.3333333333333333}, "hold19": {"width": 0.3333333333333333, "positionX": 19.8125, "positionY": 19.75, "crumble": 0, "slip": 0, "restitution": 1, "friction": 1, "height": 0.3333333333333333}, "hold30": {"width": 0.3333333333333333, "positionX": 16.125, "positionY": 11.375, "crumble": 0, "slip": 0, "restitution": 1, "movement": {"endY": 31.25, "endX": 15.6875, "startX": 16.125, "startY": 11.375, "speed": 0.9886363636363634}, "friction": 1, "height": 0.3333333333333333}}, "obstacles": {}, "difficulty": "notRanked", "static": {}, "id": 11, "size": 32.74172185430463}