{"handholds": {"hold28": {"width": 0.34980620155038755, "positionX": 22.350290697674417, "positionY": 1.0690406976744184, "crumble": 0, "slip": 0, "restitution": 1, "movement": {"endY": 6.319040697674419, "endX": 22.131540697674417, "startX": 22.350290697674417, "startY": 1.0690406976744184, "speed": 2.2325581395348837}, "friction": 1, "height": 0.34980620155038755}, "hold22": {"width": 0.34980620155038755, "positionX": 17.162790697674417, "positionY": 2.319040697674418, "crumble": 0, "slip": 0, "restitution": 1, "friction": 1, "height": 0.34980620155038755}, "hold21": {"width": 0.34980620155038755, "positionX": 15.444040697674419, "positionY": 1.6002906976744191, "crumble": 0, "slip": 0, "restitution": 1, "friction": 1, "height": 0.34980620155038755}, "hold20": {"width": 0.34980620155038755, "positionX": 18.162790697674417, "positionY": 21.069040697674417, "crumble": 0, "slip": 0, "restitution": 1, "friction": 1, "height": 0.34980620155038755}, "hold26": {"width": 0.34980620155038755, "positionX": 19.694040697674417, "positionY": 0.4752906976744177, "crumble": 0, "slip": 0, "restitution": 1, "movement": {"endY": 5.00654069767442, "endX": 19.319040697674417, "startX": 19.694040697674417, "startY": 0.4752906976744177, "speed": 2.2325581395348837}, "friction": 1, "height": 0.34980620155038755}, "hold24": {"width": 0.34980620155038755, "positionX": 13.069040697674419, "positionY": 0.756540697674418, "crumble": 0, "slip": 0, "restitution": 1, "movement": {"endY": 5.662790697674418, "endX": 13.037790697674419, "startX": 13.069040697674419, "startY": 0.756540697674418, "speed": 2.2325581395348837}, "friction": 1, "height": 0.34980620155038755}, "hold8": {"width": 0.34980620155038755, "positionX": 16.069040697674417, "positionY": 10.72529069767442, "crumble": 0, "slip": 0, "restitution": 1, "friction": 1, "height": 0.34980620155038755}, "hold9": {"width": 0.34980620155038755, "positionX": 12.194040697674419, "positionY": 12.537790697674419, "crumble": 0, "slip": 0, "restitution": 1, "friction": 1, "height": 0.34980620155038755}, "hold0": {"width": 0.3333333333333333, "positionX": 13.5, "positionY": 8.93, "crumble": 0, "slip": 0, "restitution": 1, "friction": 1, "height": 0.3333333333333333}, "hold1": {"width": 0.3333333333333333, "positionX": 19.0, "positionY": 9.18, "crumble": 0, "slip": 0, "restitution": 1, "friction": 1, "height": 0.3333333333333333}, "hold2": {"width": 0.3333333333333333, "positionX": 15.280000000000001, "positionY": 4.75, "crumble": 0, "slip": 0, "restitution": 1, "friction": 1, "height": 0.3333333333333333}, "hold3": {"width": 0.3333333333333333, "positionX": 17.5, "positionY": 4.5, "crumble": 0, "slip": 0, "restitution": 1, "friction": 1, "height": 0.3333333333333333}, "hold4": {"width": 0.34980620155038755, "positionX": 11.569040697674419, "positionY": 10.44404069767442, "crumble": 0, "slip": 0, "restitution": 1, "friction": 1, "height": 0.34980620155038755}, "hold5": {"width": 0.34980620155038755, "positionX": 9.225290697674419, "positionY": 11.131540697674419, "crumble": 0, "slip": 0, "restitution": 1, "friction": 1, "height": 0.34980620155038755}, "hold6": {"width": 0.34980620155038755, "positionX": 14.694040697674419, "positionY": 11.069040697674419, "crumble": 0, "slip": 0, "restitution": 1, "friction": 1, "height": 0.34980620155038755}, "hold7": {"width": 0.34980620155038755, "positionX": 18.631540697674417, "positionY": 10.31904069767442, "crumble": 0, "slip": 0, "restitution": 1, "friction": 1, "height": 0.34980620155038755}, "hold12": {"width": 0.34980620155038755, "positionX": 12.912790697674419, "positionY": 14.412790697674419, "crumble": 0, "slip": 0, "restitution": 1, "friction": 1, "height": 0.34980620155038755}, "hold13": {"width": 0.34980620155038755, "positionX": 11.78125, "positionY": 16.3125, "crumble": 0, "slip": 0, "restitution": 1, "friction": 1, "height": 0.34980620155038755}, "hold10": {"width": 0.34980620155038755, "positionX": 9.506540697674419, "positionY": 13.287790697674419, "crumble": 0, "slip": 0, "restitution": 1, "friction": 1, "height": 0.34980620155038755}, "hold11": {"width": 0.34980620155038755, "positionX": 9.631540697674419, "positionY": 14.850290697674419, "crumble": 0, "slip": 0, "restitution": 1, "friction": 1, "height": 0.34980620155038755}, "hold16": {"width": 0.34980620155038755, "positionX": 13.537790697674419, "positionY": 17.787790697674417, "crumble": 0, "slip": 0, "restitution": 1, "friction": 1, "height": 0.34980620155038755}, "hold17": {"width": 0.34980620155038755, "positionX": 11.912790697674419, "positionY": 19.725290697674417, "crumble": 0, "slip": 0, "restitution": 1, "friction": 1, "height": 0.34980620155038755}, "hold14": {"width": 0.34980620155038755, "positionX": 10.162790697674419, "positionY": 17.600290697674417, "crumble": 0, "slip": 0, "restitution": 1, "friction": 1, "height": 0.34980620155038755}, "hold15": {"width": 0.34980620155038755, "positionX": 9.287790697674419, "positionY": 19.725290697674417, "crumble": 0, "slip": 0, "restitution": 1, "friction": 1, "height": 0.34980620155038755}, "hold18": {"width": 0.34980620155038755, "positionX": 13.694040697674419, "positionY": 20.631540697674417, "crumble": 0, "slip": 0, "restitution": 1, "friction": 1, "height": 0.34980620155038755}, "hold19": {"width": 0.34980620155038755, "positionX": 15.944040697674419, "positionY": 20.975290697674417, "crumble": 0, "slip": 0, "restitution": 1, "friction": 1, "height": 0.34980620155038755}, "hold30": {"width": 0.34980620155038755, "positionX": 9.631540697674419, "positionY": 1.1627906976744187, "crumble": 0, "slip": 0, "restitution": 1, "movement": {"endY": 8.319040697674419, "endX": 10.47529069767442, "startX": 9.631540697674419, "startY": 1.1627906976744187, "speed": 2.2325581395348837}, "friction": 1, "height": 0.34980620155038755}}, "obstacles": {}, "difficulty": "notRanked", "static": {"obstacle0": {"y": 13.9375, "x": 16.656249999999996, "size": 1.6666666666666667}}, "id": 4, "size": 22}