{"handholds": {"hold8": {"width": 0.3333333333333333, "positionX": 18.875000000000004, "positionY": 2.5312499999999996, "crumble": 0, "slip": 0, "restitution": 1, "friction": 1, "height": 0.3333333333333333}, "hold9": {"width": 0.3333333333333333, "positionX": 10.21875, "positionY": 5.812499999999999, "crumble": 0, "slip": 0, "restitution": 1, "friction": 1, "height": 0.3333333333333333}, "hold0": {"width": 0.3333333333333333, "positionX": 13.5, "positionY": 8.93, "crumble": 0, "slip": 0, "restitution": 1, "friction": 1, "height": 0.3333333333333333}, "hold1": {"width": 0.3333333333333333, "positionX": 19.0, "positionY": 9.18, "crumble": 0, "slip": 0, "restitution": 1, "friction": 1, "height": 0.3333333333333333}, "hold2": {"width": 0.3333333333333333, "positionX": 15.280000000000001, "positionY": 4.75, "crumble": 0, "slip": 0, "restitution": 1, "friction": 1, "height": 0.3333333333333333}, "hold3": {"width": 0.3333333333333333, "positionX": 17.5, "positionY": 4.5, "crumble": 0, "slip": 0, "restitution": 1, "friction": 1, "height": 0.3333333333333333}, "hold4": {"width": 0.3333333333333333, "positionX": 9.749999999999998, "positionY": 1.125, "crumble": 0, "slip": 0, "restitution": 1, "friction": 1, "height": 0.3333333333333333}, "hold5": {"width": 0.3333333333333333, "positionX": 15.46875, "positionY": 0.8124999999999996, "crumble": 0, "slip": 0, "restitution": 1, "friction": 1, "height": 0.3333333333333333}, "hold6": {"width": 0.3333333333333333, "positionX": 21.5625, "positionY": 0.8749999999999996, "crumble": 0, "slip": 0, "restitution": 1, "friction": 1, "height": 0.3333333333333333}, "hold7": {"width": 0.3333333333333333, "positionX": 12.34375, "positionY": 2.281249999999999, "crumble": 0, "slip": 0, "restitution": 1, "friction": 1, "height": 0.3333333333333333}, "hold12": {"width": 0.34980620155038755, "positionX": 16.162790697674417, "positionY": 13.944040697674417, "crumble": 0, "slip": 0, "restitution": 1, "friction": 1, "height": 0.34980620155038755}, "hold13": {"width": 0.34980620155038755, "positionX": 17.006540697674417, "positionY": 20.506540697674417, "crumble": 0, "slip": 0, "restitution": 1, "friction": 1, "height": 0.34980620155038755}, "hold10": {"width": 0.3333333333333333, "positionX": 22.375, "positionY": 5.656249999999999, "crumble": 0, "slip": 0, "restitution": 1, "friction": 1, "height": 0.3333333333333333}, "hold11": {"width": 0.34980620155038755, "positionX": 14.131540697674419, "positionY": 15.194040697674419, "crumble": 0, "slip": 0, "restitution": 1, "friction": 1, "height": 0.34980620155038755}, "hold16": {"width": 0.34980620155038755, "positionX": 10.71875, "positionY": 12.687499999999998, "crumble": 0, "slip": 0, "restitution": 1, "movement": {"endY": 12.694040697674419, "endX": 15.069040697674419, "startX": 10.71875, "startY": 12.687499999999998, "speed": 2.2325581395348837}, "friction": 1, "height": 0.34980620155038755}, "hold14": {"width": 0.34980620155038755, "positionX": 14.319040697674419, "positionY": 21.131540697674417, "crumble": 0, "slip": 0, "restitution": 1, "friction": 1, "height": 0.34980620155038755}, "hold18": {"width": 0.34980620155038755, "positionX": 21.944040697674417, "positionY": 15.100290697674419, "crumble": 0, "slip": 0, "restitution": 1, "movement": {"endY": 15.46875, "endX": 16.0625, "startX": 21.944040697674417, "startY": 15.100290697674419, "speed": 2.2325581395348837}, "friction": 1, "height": 0.34980620155038755}, "hold20": {"width": 0.34980620155038755, "positionX": 21.912790697674417, "positionY": 17.006540697674417, "crumble": 0, "slip": 0, "restitution": 1, "movement": {"endY": 21.069040697674417, "endX": 19.350290697674417, "startX": 21.912790697674417, "startY": 17.006540697674417, "speed": 2.2325581395348837}, "friction": 1, "height": 0.34980620155038755}}, "obstacles": {}, "difficulty": "notRanked", "static": {"obstacle0": {"y": 15.968750000000002, "x": 10.53125, "size": 0.9253875968992246}}, "id": 3, "size": 22}