{"difficulty": "easy", "obstacles": {}, "static": {"obstacle8": {"y": 12.957848837209303, "x": 18.614098837209305, "size": 0.6114341085271319}, "obstacle9": {"y": 9.96875, "x": 20.562499999999996, "size": 0.6114341085271319}, "obstacle0": {"y": 6.582848837209303, "x": 9.707848837209301, "size": 0.6114341085271319}, "obstacle1": {"y": 8.082848837209303, "x": 9.051598837209303, "size": 0.6114341085271319}, "obstacle2": {"y": 9.468749999999998, "x": 10.125, "size": 0.6114341085271319}, "obstacle3": {"y": 10.739098837209303, "x": 10.645348837209301, "size": 0.6114341085271319}, "obstacle4": {"y": 11.489098837209303, "x": 12.020348837209301, "size": 0.6114341085271319}, "obstacle5": {"y": 14.187500000000002, "x": 17.28125, "size": 0.6114341085271319}, "obstacle6": {"y": 16.21875, "x": 16.6875, "size": 0.6114341085271319}, "obstacle7": {"y": 11.207848837209303, "x": 19.801598837209305, "size": 0.6114341085271319}, "obstacle10": {"y": 7.270348837209302, "x": 21.145348837209305, "size": 0.6114341085271319}}, "handholds": {"hold23": {"width": 0.2713178294573643, "positionX": 12.749273255813954, "positionY": 20.905523255813954, "crumble": 0, "slip": 8.8139534883720932, "restitution": 1, "friction": 1, "height": 0.2713178294573643}, "hold22": {"width": 0.2713178294573643, "positionX": 17.655523255813957, "positionY": 21.061773255813954, "crumble": 0, "slip": 8.8139534883720932, "restitution": 1, "friction": 1, "height": 0.2713178294573643}, "hold21": {"width": 0.2713178294573643, "positionX": 16.093023255813954, "positionY": 28.811773255813954, "crumble": 0, "slip": 8.8139534883720932, "restitution": 1, "friction": 1, "height": 0.2713178294573643}, "hold20": {"width": 0.2713178294573643, "positionX": 17.936773255813954, "positionY": 19.936773255813954, "crumble": 0, "slip": 8.8139534883720932, "restitution": 1, "friction": 1, "height": 0.2713178294573643}, "hold8": {"width": 0.43701550387596894, "positionX": 16.438226744186046, "positionY": 6.563226744186047, "crumble": 0, "slip": 0, "restitution": 1, "friction": 1, "height": 0.43701550387596894}, "hold9": {"width": 0.43701550387596894, "positionX": 18.875726744186046, "positionY": 8.656976744186048, "crumble": 0, "slip": 0, "restitution": 1, "friction": 1, "height": 0.43701550387596894}, "hold0": {"width": 0.43701550387596894, "positionX": 16.59375, "positionY": 0.999999999999999, "crumble": 0, "slip": 0, "restitution": 1, "friction": 1, "height": 0.43701550387596894}, "hold1": {"width": 0.43701550387596894, "positionX": 13.688226744186046, "positionY": 0.34447674418604557, "crumble": 0, "slip": 0, "restitution": 1, "friction": 1, "height": 0.43701550387596894}, "hold2": {"width": 0.43701550387596894, "positionX": 19.500726744186046, "positionY": 0.6257267441860459, "crumble": 0, "slip": 0, "restitution": 1, "friction": 1, "height": 0.43701550387596894}, "hold3": {"width": 0.43701550387596894, "positionX": 14.438226744186046, "positionY": 1.9382267441860452, "crumble": 0, "slip": 0, "restitution": 1, "friction": 1, "height": 0.43701550387596894}, "hold4": {"width": 0.43701550387596894, "positionX": 17.719476744186046, "positionY": 2.6882267441860463, "crumble": 0, "slip": 0, "restitution": 1, "friction": 1, "height": 0.43701550387596894}, "hold5": {"width": 0.43701550387596894, "positionX": 13.906976744186046, "positionY": 3.7194767441860455, "crumble": 0, "slip": 0, "restitution": 1, "friction": 1, "height": 0.43701550387596894}, "hold6": {"width": 0.43701550387596894, "positionX": 18.781976744186046, "positionY": 4.406976744186046, "crumble": 0, "slip": 0, "restitution": 1, "friction": 1, "height": 0.43701550387596894}, "hold7": {"width": 0.43701550387596894, "positionX": 14.344476744186046, "positionY": 5.8132267441860455, "crumble": 0, "slip": 0, "restitution": 1, "friction": 1, "height": 0.43701550387596894}, "hold12": {"width": 0.4282945736434109, "positionX": 16.3125, "positionY": 13.031250000000002, "crumble": 0, "slip": 8.8139534883720932, "restitution": 1, "friction": 1, "height": 0.4282945736434109}, "hold13": {"width": 0.3323643410852713, "positionX": 12.207848837209301, "positionY": 13.551598837209301, "crumble": 0, "slip": 0, "restitution": 1, "friction": 1, "height": 0.3323643410852713}, "hold10": {"width": 0.43701550387596894, "positionX": 16.219476744186046, "positionY": 9.625726744186046, "crumble": 0, "slip": 0, "restitution": 1, "friction": 1, "height": 0.43701550387596894}, "hold11": {"width": 0.43701550387596894, "positionX": 14.063226744186046, "positionY": 11.563226744186046, "crumble": 0, "slip": 8.8139534883720932, "restitution": 1, "friction": 1, "height": 0.43701550387596894}, "hold16": {"width": 0.2713178294573643, "positionX": 13.926598837209301, "positionY": 16.5828488372093, "crumble": 0, "slip": 8.8139534883720932, "restitution": 1, "friction": 1, "height": 0.2713178294573643}, "hold17": {"width": 0.2713178294573643, "positionX": 15.311773255813954, "positionY": 18.280523255813954, "crumble": 0, "slip": 8.8139534883720932, "restitution": 1, "friction": 1, "height": 0.2713178294573643}, "hold14": {"width": 0.4282945736434109, "positionX": 12.707848837209301, "positionY": 15.457848837209303, "crumble": 0, "slip": 0, "restitution": 1, "friction": 1, "height": 0.4282945736434109}, "hold15": {"width": 0.34980620155038755, "positionX": 14.207848837209301, "positionY": 14.145348837209303, "crumble": 0, "slip": 0, "restitution": 1, "friction": 1, "height": 0.34980620155038755}, "hold18": {"width": 0.2713178294573643, "positionX": 13.155523255813954, "positionY": 18.436773255813954, "crumble": 0, "slip": 8.8139534883720932, "restitution": 1, "friction": 1, "height": 0.2713178294573643}, "hold19": {"width": 0.2713178294573643, "positionX": 14.155523255813954, "positionY": 19.686773255813954, "crumble": 0, "slip": 8.8139534883720932, "restitution": 1, "friction": 1, "height": 0.2713178294573643}}, "size": 22}