{"difficulty": "medium", "obstacles": {"obstacle0": {"width": 2.0224358974358974, "frequency": 300, "originY": 48.4375, "originX": 11.593749999999998, "height": 1.1025641025641024}}, "static": {}, "handholds": {"hold29": {"width": 0.3333333333333333, "positionX": 21.281249999999996, "positionY": 26.875, "crumble": 0, "slip": 12.06906976744186, "restitution": 1, "friction": 1, "height": 0.3333333333333333}, "hold28": {"width": 0.3333333333333333, "positionX": 17.65625, "positionY": 25.78125, "crumble": 0, "slip": 12.06906976744186, "restitution": 1, "friction": 1, "height": 0.3333333333333333}, "hold44": {"width": 0.3333333333333333, "positionX": 19.937499999999996, "positionY": 0.4687499999999998, "crumble": 0, "slip": 12.06906976744186, "restitution": 1, "friction": 1, "height": 0.3333333333333333}, "hold23": {"width": 0.3333333333333333, "positionX": 15.25, "positionY": 30.34375, "crumble": 0, "slip": 12.06906976744186, "restitution": 1, "friction": 1, "height": 0.3333333333333333}, "hold22": {"width": 0.3333333333333333, "positionX": 13.0625, "positionY": 30.40625, "crumble": 0, "slip": 12.06906976744186, "restitution": 1, "friction": 1, "height": 0.3333333333333333}, "hold21": {"width": 0.3333333333333333, "positionX": 8.9375, "positionY": 30.40625, "crumble": 0, "slip": 12.06906976744186, "restitution": 1, "friction": 1, "height": 0.3333333333333333}, "hold20": {"width": 0.3333333333333333, "positionX": 10.59375, "positionY": 12.593750000000002, "crumble": 0, "slip": 12.06906976744186, "restitution": 1, "friction": 1, "height": 0.3333333333333333}, "hold27": {"width": 0.3333333333333333, "positionX": 14.3125, "positionY": 23.3125, "crumble": 0, "slip": 12.06906976744186, "restitution": 1, "friction": 1, "height": 0.3333333333333333}, "hold26": {"width": 0.3333333333333333, "positionX": 11.96875, "positionY": 24.25, "crumble": 0, "slip": 12.06906976744186, "restitution": 1, "friction": 1, "height": 0.3333333333333333}, "hold25": {"width": 0.3333333333333333, "positionX": 13.21875, "positionY": 28.09375, "crumble": 0, "slip": 12.06906976744186, "restitution": 1, "friction": 1, "height": 0.3333333333333333}, "hold24": {"width": 0.3333333333333333, "positionX": 9.125000000000002, "positionY": 26.8125, "crumble": 0, "slip": 12.06906976744186, "restitution": 1, "friction": 1, "height": 0.3333333333333333}, "hold38": {"width": 0.3333333333333333, "positionX": 14.53125, "positionY": 2.4375000000000004, "crumble": 0, "slip": 12.06906976744186, "restitution": 1, "friction": 1, "height": 0.3333333333333333}, "hold41": {"width": 0.3333333333333333, "positionX": 10.15625, "positionY": 0.8125000000000004, "crumble": 0, "slip": 12.06906976744186, "restitution": 1, "friction": 1, "height": 0.3333333333333333}, "hold40": {"width": 0.3333333333333333, "positionX": 18.28125, "positionY": 2.6250000000000004, "crumble": 0, "slip": 12.06906976744186, "restitution": 1, "friction": 1, "height": 0.3333333333333333}, "hold43": {"width": 0.3333333333333333, "positionX": 16.59375, "positionY": 0.6562500000000002, "crumble": 0, "slip": 12.06906976744186, "restitution": 1, "friction": 1, "height": 0.3333333333333333}, "hold42": {"width": 0.3333333333333333, "positionX": 13.5625, "positionY": 0.8437500000000004, "crumble": 0, "slip": 12.06906976744186, "restitution": 1, "friction": 1, "height": 0.3333333333333333}, "hold36": {"width": 0.3333333333333333, "positionX": 19.25, "positionY": 19.90625, "crumble": 0, "slip": 12.06906976744186, "restitution": 1, "friction": 1, "height": 0.3333333333333333}, "hold8": {"width": 0.3333333333333333, "positionX": 9.46875, "positionY": 8.093750000000002, "crumble": 0, "slip": 12.06906976744186, "restitution": 1, "friction": 1, "height": 0.3333333333333333}, "hold9": {"width": 0.3333333333333333, "positionX": 16.3125, "positionY": 10.187500000000002, "crumble": 0, "slip": 12.06906976744186, "restitution": 1, "friction": 1, "height": 0.3333333333333333}, "hold37": {"width": 0.3333333333333333, "positionX": 22.5625, "positionY": 0.7812500000000002, "crumble": 0, "slip": 12.06906976744186, "restitution": 1, "friction": 1, "height": 0.3333333333333333}, "hold39": {"width": 0.3333333333333333, "positionX": 17.15625, "positionY": 2.6250000000000004, "crumble": 0, "slip": 12.06906976744186, "restitution": 1, "friction": 1, "height": 0.3333333333333333}, "hold0": {"width": 0.3333333333333333, "positionX": 20.59375, "positionY": 15.9375, "crumble": 0, "slip": 12.06906976744186, "restitution": 1, "friction": 1, "height": 0.3333333333333333}, "hold1": {"width": 0.3333333333333333, "positionX": 19.78125, "positionY": 11.249999999999998, "crumble": 0, "slip": 12.06906976744186, "restitution": 1, "friction": 1, "height": 0.3333333333333333}, "hold2": {"width": 0.3333333333333333, "positionX": 20.3125, "positionY": 5.5, "crumble": 0, "slip": 12.06906976744186, "restitution": 1, "friction": 1, "height": 0.3333333333333333}, "hold3": {"width": 0.3333333333333333, "positionX": 21.625, "positionY": 14.125, "crumble": 0, "slip": 12.06906976744186, "restitution": 1, "friction": 1, "height": 0.3333333333333333}, "hold4": {"width": 0.3333333333333333, "positionX": 14.6875, "positionY": 16.59375, "crumble": 0, "slip": 12.06906976744186, "restitution": 1, "friction": 1, "height": 0.3333333333333333}, "hold5": {"width": 0.3333333333333333, "positionX": 17.71875, "positionY": 13.9375, "crumble": 0, "slip": 12.06906976744186, "restitution": 1, "friction": 1, "height": 0.3333333333333333}, "hold6": {"width": 0.3333333333333333, "positionX": 16.0625, "positionY": 13.59375, "crumble": 0, "slip": 12.06906976744186, "restitution": 1, "friction": 1, "height": 0.3333333333333333}, "hold7": {"width": 0.3333333333333333, "positionX": 14.8125, "positionY": 7.5625, "crumble": 0, "slip": 12.06906976744186, "restitution": 1, "friction": 1, "height": 0.3333333333333333}, "hold12": {"width": 0.3333333333333333, "positionX": 13.53125, "positionY": 13.125000000000002, "crumble": 0, "slip": 12.06906976744186, "restitution": 1, "friction": 1, "height": 0.3333333333333333}, "hold13": {"width": 0.3333333333333333, "positionX": 13.21875, "positionY": 5.40625, "crumble": 0, "slip": 12.06906976744186, "restitution": 1, "friction": 1, "height": 0.3333333333333333}, "hold10": {"width": 0.3333333333333333, "positionX": 22.0, "positionY": 12.75, "crumble": 0, "slip": 12.06906976744186, "restitution": 1, "friction": 1, "height": 0.3333333333333333}, "hold11": {"width": 0.3333333333333333, "positionX": 12.96875, "positionY": 15.03125, "crumble": 0, "slip": 12.06906976744186, "restitution": 1, "friction": 1, "height": 0.3333333333333333}, "hold16": {"width": 0.3333333333333333, "positionX": 19.25, "positionY": 8.374999999999998, "crumble": 0, "slip": 12.06906976744186, "restitution": 1, "friction": 1, "height": 0.3333333333333333}, "hold17": {"width": 0.3333333333333333, "positionX": 9.625, "positionY": 15.96875, "crumble": 0, "slip": 12.06906976744186, "restitution": 1, "friction": 1, "height": 0.3333333333333333}, "hold14": {"width": 0.3333333333333333, "positionX": 15.09375, "positionY": 5.156249999999999, "crumble": 0, "slip": 12.06906976744186, "restitution": 1, "friction": 1, "height": 0.3333333333333333}, "hold15": {"width": 0.3333333333333333, "positionX": 13.0625, "positionY": 10.093749999999998, "crumble": 0, "slip": 12.06906976744186, "restitution": 1, "friction": 1, "height": 0.3333333333333333}, "hold34": {"width": 0.3333333333333333, "positionX": 16.78125, "positionY": 4.999999999999999, "crumble": 0, "slip": 12.06906976744186, "restitution": 1, "friction": 1, "height": 0.3333333333333333}, "hold35": {"width": 0.3333333333333333, "positionX": 21.75, "positionY": 20.3125, "crumble": 0, "slip": 12.06906976744186, "restitution": 1, "friction": 1, "height": 0.3333333333333333}, "hold18": {"width": 0.3333333333333333, "positionX": 14.34375, "positionY": 25.75, "crumble": 0, "slip": 12.06906976744186, "restitution": 1, "friction": 1, "height": 0.3333333333333333},