{"difficulty": "medium", "obstacles": {}, "static": {}, "handholds": {"hold8": {"width": 0.3333333333333333, "positionX": 14.21875, "positionY": 6.781249999999999, "crumble": 0, "slip": 12.069767441860465, "restitution": 1, "friction": 1, "height": 0.3333333333333333}, "hold9": {"width": 0.3333333333333333, "positionX": 19.21875, "positionY": 6.90625, "crumble": 0, "slip": 12.069767441860465, "restitution": 1, "friction": 1, "height": 0.3333333333333333}, "hold0": {"width": 0.3333333333333333, "positionX": 13.9375, "positionY": 0.24999999999999956, "crumble": 0, "slip": 12.069767441860465, "restitution": 1, "friction": 1, "height": 0.3333333333333333}, "hold1": {"width": 0.3333333333333333, "positionX": 19.34375, "positionY": 0.15624999999999933, "crumble": 0, "slip": 12.069767441860465, "restitution": 1, "friction": 1, "height": 0.3333333333333333}, "hold2": {"width": 0.3333333333333333, "positionX": 14.8125, "positionY": 1.6249999999999991, "crumble": 0, "slip": 12.069767441860465, "restitution": 1, "friction": 1, "height": 0.3333333333333333}, "hold3": {"width": 0.3333333333333333, "positionX": 17.531250000000004, "positionY": 1.5937499999999991, "crumble": 0, "slip": 12.069767441860465, "restitution": 1, "friction": 1, "height": 0.3333333333333333}, "hold4": {"width": 0.3333333333333333, "positionX": 15.375, "positionY": 2.968750000000001, "crumble": 0, "slip": 12.069767441860465, "restitution": 1, "friction": 1, "height": 0.3333333333333333}, "hold5": {"width": 0.3333333333333333, "positionX": 16.65625, "positionY": 3.187499999999999, "crumble": 0, "slip": 12.069767441860465, "restitution": 1, "friction": 1, "height": 0.3333333333333333}, "hold6": {"width": 0.3333333333333333, "positionX": 14.75, "positionY": 4.999999999999999, "crumble": 0, "slip": 12.069767441860465, "restitution": 1, "friction": 1, "height": 0.3333333333333333}, "hold7": {"width": 0.3333333333333333, "positionX": 18.843750000000004, "positionY": 5.312499999999999, "crumble": 0, "slip": 12.069767441860465, "restitution": 1, "friction": 1, "height": 0.3333333333333333}, "hold12": {"width": 0.3333333333333333, "positionX": 112.0625, "positionY": 12.34375, "crumble": 0, "slip": 12.069767441860465, "restitution": 1, "friction": 1, "height": 0.3333333333333333}, "hold13": {"width": 0.3333333333333333, "positionX": 14.0, "positionY": 15.25, "crumble": 0, "slip": 12.069767441860465, "restitution": 1, "friction": 1, "height": 0.3333333333333333}, "hold10": {"width": 0.3333333333333333, "positionX": 14.3125, "positionY": 8.875, "crumble": 0, "slip": 12.069767441860465, "restitution": 1, "friction": 1, "height": 0.3333333333333333}, "hold11": {"width": 0.3333333333333333, "positionX": 18.0, "positionY": 8.90625, "crumble": 0, "slip": 12.069767441860465, "restitution": 1, "friction": 1, "height": 0.3333333333333333}, "hold16": {"width": 0.3333333333333333, "positionX": 18.3125, "positionY": 13.781249999999998, "crumble": 0, "slip": 12.069767441860465, "restitution": 1, "friction": 1, "height": 0.3333333333333333}, "hold17": {"width": 0.3333333333333333, "positionX": 18.000000000000004, "positionY": 17.1875, "crumble": 0, "slip": 12.069767441860465, "restitution": 1, "friction": 1, "height": 0.3333333333333333}, "hold14": {"width": 0.3333333333333333, "positionX": 13.875, "positionY": 18.15625, "crumble": 0, "slip": 12.069767441860465, "restitution": 1, "friction": 1, "height": 0.3333333333333333}, "hold15": {"width": 0.3333333333333333, "positionX": 18.750000000000004, "positionY": 10.28125, "crumble": 0, "slip": 12.069767441860465, "restitution": 1, "friction": 1, "height": 0.3333333333333333}, "hold18": {"width": 0.3333333333333333, "positionX": 17.8125, "positionY": 20.71875, "crumble": 0, "slip": 12.069767441860465, "restitution": 1, "friction": 1, "height": 0.3333333333333333}}, "size": 25.063881076737637}