{"difficulty": "medium", "obstacles": {}, "static": {}, "handholds": {"hold29": {"width": 0.3333333333333333, "positionX": 16.9375, "positionY": 10.71875, "crumble": 0, "slip": 7.755813953488372, "restitution": 1, "friction": 1, "height": 0.3333333333333333}, "hold28": {"width": 0.3333333333333333, "positionX": 18.375, "positionY": 7.90625, "crumble": 0, "slip": 10.069767441860465, "restitution": 1, "friction": 1, "height": 0.3333333333333333}, "hold44": {"width": 0.3333333333333333, "positionX": 20.375, "positionY": 24.09375, "crumble": 0, "slip": 0, "restitution": 1, "friction": 1, "height": 0.3333333333333333}, "hold23": {"width": 0.3333333333333333, "positionX": 22.843750000000004, "positionY": 3.562499999999999, "crumble": 0, "slip": 10.069767441860465, "restitution": 1, "friction": 1, "height": 0.3333333333333333}, "hold22": {"width": 0.3333333333333333, "positionX": 11.96875, "positionY": 7.84375, "crumble": 0, "slip": 10.069767441860465, "restitution": 1, "friction": 1, "height": 0.3333333333333333}, "hold21": {"width": 0.3333333333333333, "positionX": 9.46875, "positionY": 7.84375, "crumble": 0, "slip": 10.069767441860465, "restitution": 1, "friction": 1, "height": 0.3333333333333333}, "hold20": {"width": 0.3333333333333333, "positionX": 14.25, "positionY": 3.249999999999999, "crumble": 0, "slip": 10.069767441860465, "restitution": 1, "friction": 1, "height": 0.3333333333333333}, "hold27": {"width": 0.3333333333333333, "positionX": 15.1875, "positionY": 7.9375, "crumble": 0, "slip": 10.069767441860465, "restitution": 1, "friction": 1, "height": 0.3333333333333333}, "hold26": {"width": 0.3333333333333333, "positionX": 9.375, "positionY": 12.375, "crumble": 0, "slip": 10.069767441860465, "restitution": 1, "friction": 1, "height": 0.3333333333333333}, "hold25": {"width": 0.3333333333333333, "positionX": 21.9375, "positionY": 7.90625, "crumble": 0, "slip": 10.069767441860465, "restitution": 1, "friction": 1, "height": 0.3333333333333333}, "hold24": {"width": 0.3333333333333333, "positionX": 11.9375, "positionY": 3.499999999999999, "crumble": 0, "slip": 10.069767441860465, "restitution": 1, "friction": 1, "height": 0.3333333333333333}, "hold45": {"width": 0.3333333333333333, "positionX": 15.34375, "positionY": 23.625, "crumble": 0, "slip": 0, "restitution": 1, "friction": 1, "height": 0.3333333333333333}, "hold38": {"width": 0.3333333333333333, "positionX": 14.15625, "positionY": 22.0, "crumble": 0, "slip": 0, "restitution": 1, "friction": 1, "height": 0.3333333333333333}, "hold41": {"width": 0.3333333333333333, "positionX": 17.281249999999996, "positionY": 23.96875, "crumble": 0, "slip": 0, "restitution": 1, "friction": 1, "height": 0.3333333333333333}, "hold40": {"width": 0.3333333333333333, "positionX": 12.78125, "positionY": 24.0625, "crumble": 0, "slip": 0, "restitution": 1, "friction": 1, "height": 0.3333333333333333}, "hold43": {"width": 0.3333333333333333, "positionX": 18.21875, "positionY": 22.4375, "crumble": 0, "slip": 0, "restitution": 1, "friction": 1, "height": 0.3333333333333333}, "hold42": {"width": 0.3333333333333333, "positionX": 13.8125, "positionY": 23.65625, "crumble": 0, "slip": 0, "restitution": 1, "friction": 1, "height": 0.3333333333333333}, "hold36": {"width": 0.3333333333333333, "positionX": 14.875, "positionY": 9.750000000000002, "crumble": 0, "slip": 4.755813953488372, "restitution": 1, "friction": 1, "height": 0.3333333333333333}, "hold8": {"width": 0.3333333333333333, "positionX": 15.34375, "positionY": 17.375, "crumble": 0, "slip": 10.069767441860465, "restitution": 1, "friction": 1, "height": 0.3333333333333333}, "hold9": {"width": 0.3333333333333333, "positionX": 11.96875, "positionY": 17.03125, "crumble": 0, "slip": 10.069767441860465, "restitution": 1, "friction": 1, "height": 0.3333333333333333}, "hold37": {"width": 0.3333333333333333, "positionX": 12.5625, "positionY": 22.15625, "crumble": 0, "slip": 0, "restitution": 1, "friction": 1, "height": 0.3333333333333333}, "hold39": {"width": 0.3333333333333333, "positionX": 16.125, "positionY": 22.03125, "crumble": 0, "slip": 0, "restitution": 1, "friction": 1, "height": 0.3333333333333333}, "hold0": {"width": 0.3333333333333333, "positionX": 15.34375, "positionY": 19.71875, "crumble": 0, "slip": 10.069767441860465, "restitution": 1, "friction": 1, "height": 0.3333333333333333}, "hold1": {"width": 0.3333333333333333, "positionX": 21.625, "positionY": 17.875, "crumble": 0, "slip": 10.069767441860465, "restitution": 1, "friction": 1, "height": 0.3333333333333333}, "hold2": {"width": 0.3333333333333333, "positionX": 9.156250000000002, "positionY": 17.6875, "crumble": 0, "slip": 10.069767441860465, "restitution": 1, "friction": 1, "height": 0.3333333333333333}, "hold3": {"width": 0.3333333333333333, "positionX": 22.593749999999996, "positionY": 13.093749999999998, "crumble": 0, "slip": 10.069767441860465, "restitution": 1, "friction": 1, "height": 0.3333333333333333}, "hold4": {"width": 0.3333333333333333, "positionX": 20.46875, "positionY": 12.875, "crumble": 0, "slip": 10.069767441860465, "restitution": 1, "friction": 1, "height": 0.3333333333333333}, "hold5": {"width": 0.3333333333333333, "positionX": 17.59375, "positionY": 12.84375, "crumble": 0, "slip": 10.069767441860465, "restitution": 1, "friction": 1, "height": 0.3333333333333333}, "hold6": {"width": 0.3333333333333333, "positionX": 20.59375, "positionY": 17.75, "crumble": 0, "slip": 10.069767441860465, "restitution": 1, "friction": 1, "height": 0.3333333333333333}, "hold7": {"width": 0.3333333333333333, "positionX": 17.875, "positionY": 17.6875, "crumble": 0, "slip": 10.069767441860465, "restitution": 1, "friction": 1, "height": 0.3333333333333333}, "hold12": {"width": 0.3333333333333333, "positionX": 19.25, "positionY": 3.249999999999999, "crumble": 0, "slip": 10.069767441860465, "restitution": 1, "friction": 1, "height": 0.3333333333333333}, "hold13": {"width": 0.3333333333333333, "positionX": 8.437499999999998, "positionY": 3.218749999999999, "crumble": 0, "slip": 10.069767441860465, "restitution": 1, "friction": 1, "height": 0.3333333333333333}, "hold10": {"width": 0.3333333333333333, "positionX": 110.0625, "positionY": 11.968750000000002, "crumble": 0, "slip": 10.069767441860465, "restitution": 1, "friction": 1, "height": 0.3333333333333333}, "hold11": {"width": 0.3333333333333333, "positionX": 16.96875, "positionY": 3.249999999999999, "crumble": 0, "slip": 10.069767441860465, "restitution": 1, "friction": 1, "height": 0.3333333333333333}, "hold16": {"width": 0.3333333333333333, "positionX": 14.28125, "positionY": 0.09374999999999933, "crumble": 0, "slip": 10.069767441860465, "restitution": 1, "friction": 1, "height": 0.3333333333333333}, "hold17": {"width": 0.3333333333333333, "positionX": 19.09375, "positionY": 0.15624999999999933, "crumble": 0, "slip": 10.069767441860465, "restitution": 1, "friction": 1, "height": 0.3333333333333333}, "hold14": {"width": 0.3333333333333333, "positionX": 9.6875, "positionY": 3.218749999999999, "crumble": 0, "slip": 10.069767441860465, "restitution": 1, "friction": 1, "height": 0.3333333333333333}, "hold15": {"width": 0.3333333333333333, "positionX": 16.78125, "positionY": 0.031249999999999112, "crumble": 0, "slip": 10.069767441860465, "restitution": 1, "friction": 1, "height": 0.3333333333333333}, "hold34": {"width": 0.3333333333333333, "positionX": 15.34375, "positionY": 15.15625, "crumble": 0, "slip": 4.755813953488372, "restitution": 1, "friction": 1, "height": 0.3333333333333333}, "hold35": {"width": 0.3333333333333333, "positionX": 18.25, "positionY": 15.4375, "crumble": 0, "slip": 4.755813953488372, "restitution": 1, "friction": 1, "height": 0.3333333333333333}, "hold18": {"width": 0.3333333333333333, "positionX": 15.25, "positionY": 1.7187499999999991, "crumble": 0, "slip": 10.069767441860465, "restitution": 1, "friction": 1, "height": 0.3333333333333333}, "hold19": {"width": 0.3333333333333333, "positionX": 17.65625, "positionY": 1.7812499999999991,