{"difficulty": "medium", "obstacles": {"obstacle0": {"width": 1.6666666666666667, "frequency": 520.3846153846154, "originY": 39.8125, "originX": 11.000000000000002, "height": 1.6666666666666667}}, "static": {}, "handholds": {"hold29": {"width": 0.3333333333333333, "positionX": 14.15625, "positionY": 1.4062500000000013, "crumble": 0, "slip": 12.069767441860465, "restitution": 1, "friction": 1, "height": 0.3333333333333333}, "hold28": {"width": 0.3333333333333333, "positionX": 13.5, "positionY": 2.875000000000001, "crumble": 0, "slip": 12.069767441860465, "restitution": 1, "friction": 1, "height": 0.3333333333333333}, "hold23": {"width": 0.3333333333333333, "positionX": 11.96875, "positionY": 23.1875, "crumble": 0, "slip": 12.069767441860465, "restitution": 1, "friction": 1, "height": 0.3333333333333333}, "hold22": {"width": 0.3333333333333333, "positionX": 15.03125, "positionY": 23.09375, "crumble": 0, "slip": 12.069767441860465, "restitution": 1, "friction": 1, "height": 0.3333333333333333}, "hold21": {"width": 0.3333333333333333, "positionX": 19.71875, "positionY": 23.3125, "crumble": 0, "slip": 12.069767441860465, "restitution": 1, "friction": 1, "height": 0.3333333333333333}, "hold20": {"width": 0.3333333333333333, "positionX": 23.125, "positionY": 22.9375, "crumble": 0, "slip": 12.069767441860465, "restitution": 1, "friction": 1, "height": 0.3333333333333333}, "hold27": {"width": 0.3333333333333333, "positionX": 18.28125, "positionY": 21.71875, "crumble": 0, "slip": 12.069767441860465, "restitution": 1, "friction": 1, "height": 0.3333333333333333}, "hold26": {"width": 0.3333333333333333, "positionX": 15.6875, "positionY": 212.0625, "crumble": 0, "slip": 12.069767441860465, "restitution": 1, "friction": 1, "height": 0.3333333333333333}, "hold25": {"width": 0.3333333333333333, "positionX": 13.625, "positionY": 22.0625, "crumble": 0, "slip": 12.069767441860465, "restitution": 1, "friction": 1, "height": 0.3333333333333333}, "hold24": {"width": 0.3333333333333333, "positionX": 18.15625, "positionY": 23.4375, "crumble": 0, "slip": 12.069767441860465, "restitution": 1, "friction": 1, "height": 0.3333333333333333}, "hold38": {"width": 0.3333333333333333, "positionX": 17.406249999999996, "positionY": 4.593750000000001, "crumble": 0, "slip": 12.069767441860465, "restitution": 1, "friction": 1, "height": 0.3333333333333333}, "hold36": {"width": 0.3333333333333333, "positionX": 15.59375, "positionY": 5.40625, "crumble": 0, "slip": 12.069767441860465, "restitution": 1, "friction": 1, "height": 0.3333333333333333}, "hold8": {"width": 0.3333333333333333, "positionX": 16.5625, "positionY": 10.96875, "crumble": 0, "slip": 12.069767441860465, "restitution": 1, "friction": 1, "height": 0.3333333333333333}, "hold9": {"width": 0.3333333333333333, "positionX": 13.71875, "positionY": 13.0, "crumble": 0, "slip": 12.069767441860465, "restitution": 1, "friction": 1, "height": 0.3333333333333333}, "hold37": {"width": 0.3333333333333333, "positionX": 13.1875, "positionY": 5.343749999999999, "crumble": 0, "slip": 12.069767441860465, "restitution": 1, "friction": 1, "height": 0.3333333333333333}, "hold0": {"width": 0.3333333333333333, "positionX": 12.5625, "positionY": 9.90625, "crumble": 0, "slip": 12.069767441860465, "restitution": 1, "friction": 1, "height": 0.3333333333333333}, "hold1": {"width": 0.3333333333333333, "positionX": 19.1875, "positionY": 10.15625, "crumble": 0, "slip": 12.069767441860465, "restitution": 1, "friction": 1, "height": 0.3333333333333333}, "hold2": {"width": 0.3333333333333333, "positionX": 15.40625, "positionY": 6.937500000000001, "crumble": 0, "slip": 12.069767441860465, "restitution": 1, "friction": 1, "height": 0.3333333333333333}, "hold3": {"width": 0.3333333333333333, "positionX": 18.03125, "positionY": 6.687500000000001, "crumble": 0, "slip": 12.069767441860465, "restitution": 1, "friction": 1, "height": 0.3333333333333333}, "hold4": {"width": 0.3333333333333333, "positionX": 15.59375, "positionY": 9.031249999999998, "crumble": 0, "slip": 12.069767441860465, "restitution": 1, "friction": 1, "height": 0.3333333333333333}, "hold5": {"width": 0.3333333333333333, "positionX": 17.437500000000004, "positionY": 9.5, "crumble": 0, "slip": 12.069767441860465, "restitution": 1, "friction": 1, "height": 0.3333333333333333}, "hold6": {"width": 0.3333333333333333, "positionX": 11.062499999999998, "positionY": 12.062499999999998, "crumble": 0, "slip": 12.069767441860465, "restitution": 1, "friction": 1, "height": 0.3333333333333333}, "hold7": {"width": 0.3333333333333333, "positionX": 13.84375, "positionY": 11.40625, "crumble": 0, "slip": 12.069767441860465, "restitution": 1, "friction": 1, "height": 0.3333333333333333}, "hold12": {"width": 0.3333333333333333, "positionX": 13.625, "positionY": 15.875, "crumble": 0, "slip": 12.069767441860465, "restitution": 1, "friction": 1, "height": 0.3333333333333333}, "hold13": {"width": 0.3333333333333333, "positionX": 12.21875, "positionY": 16.28125, "crumble": 0, "slip": 12.069767441860465, "restitution": 1, "friction": 1, "height": 0.3333333333333333}, "hold10": {"width": 0.3333333333333333, "positionX": 10.21875, "positionY": 14.093749999999998, "crumble": 0, "slip": 12.069767441860465, "restitution": 1, "friction": 1, "height": 0.3333333333333333}, "hold11": {"width": 0.3333333333333333, "positionX": 12.28125, "positionY": 14.59375, "crumble": 0, "slip": 12.069767441860465, "restitution": 1, "friction": 1, "height": 0.3333333333333333}, "hold16": {"width": 0.3333333333333333, "positionX": 16.25, "positionY": 19.4375, "crumble": 0, "slip": 12.069767441860465, "restitution": 1, "friction": 1, "height": 0.3333333333333333}, "hold17": {"width": 0.3333333333333333, "positionX": 14.9375, "positionY": 20.59375, "crumble": 0, "slip": 12.069767441860465, "restitution": 1, "friction": 1, "height": 0.3333333333333333}, "hold14": {"width": 0.3333333333333333, "positionX": 13.90625, "positionY": 18.84375, "crumble": 0, "slip": 12.069767441860465, "restitution": 1, "friction": 1, "height": 0.3333333333333333}, "hold15": {"width": 0.3333333333333333, "positionX": 15.53125, "positionY": 17.8125, "crumble": 0, "slip": 12.069767441860465, "restitution": 1, "friction": 1, "height": 0.3333333333333333}, "hold34": {"width": 0.3333333333333333, "positionX": 17.468750000000004, "positionY": 2.5000000000000004, "crumble": 0, "slip": 12.069767441860465, "restitution": 1, "friction": 1, "height": 0.3333333333333333}, "hold35": {"width": 0.3333333333333333, "positionX": 14.71875, "positionY": 3.281249999999999, "crumble": 0, "slip": 12.069767441860465, "restitution": 1, "friction": 1, "height": 0.3333333333333333}, "hold18": {"width": 0.3333333333333333, "positionX": 17.09375, "positionY": 20.5625, "crumble": 0, "slip": 12.069767441860465, "restitution": 1, "friction": 1, "height": 0.3333333333333333}, "hold19": {"width": 0.3333333333333333, "positionX": 21.03125, "positionY": 20.9375, "crumble": 0, "slip": 12.069767441860465, "restitution": 1, "friction": 1, "height": 0.3333333333333333}, "hold30": {"width": 0.3333333333333333, "positionX": 19.75, "positionY": 0.8125000000000004, "crumble": 0, "slip": 12.069767441860465, "restitution": 1, "friction": 1, "height": 0.3333333333333333}, "hold31": {"width": 0.3333333333333333, "positionX": 16.34375, "positionY": 0.53125, "crumble": 0, "slip": 12.069767441860465, "restitution": 1, "friction": 1, "height": 0.3333333333333333}, "hold32": {"width": 0.3333333333333333, "positionX": 20.125000000000004, "positionY": 2.875000000000001, "crumble": 0, "slip": 12.069767441860465, "restitution": 1, "friction": 1, "height": 0.3333333333333333}, "hold33": {"width": 0.3333333333333333, "positionX": 19.78125, "positionY": 4.625000000000001, "crumble": 0, "slip": 12.069767441860465, "restitution": 1, "friction": 1, "height": 0.3333333333333333}}, "size": 25.063881076737637}