{"difficulty": "hard", "obstacles": {"obstacle0": {"width": 4.878243512974046, "frequency": 300, "originY": 58.9375, "originX": 16.5, "height": 1.1576846307385211}}, "static": {}, "handholds": {"hold29": {"width": 0.3333333333333333, "positionX": 23.0, "positionY": 24.6875, "crumble": 0, "slip": 0, "restitution": 1, "friction": 1, "height": 0.3333333333333333}, "hold28": {"width": 0.3333333333333333, "positionX": 22.1875, "positionY": 33.6875, "crumble": 0, "slip": 0, "restitution": 1, "friction": 1, "height": 0.3333333333333333}, "hold23": {"width": 0.3333333333333333, "positionX": 16.40625, "positionY": 43.6875, "crumble": 0, "slip": 0, "restitution": 1, "friction": 1, "height": 0.3333333333333333}, "hold22": {"width": 0.3333333333333333, "positionX": 23.25, "positionY": 43.5625, "crumble": 0, "slip": 0, "restitution": 1, "friction": 1, "height": 0.3333333333333333}, "hold21": {"width": 0.3333333333333333, "positionX": 23.0, "positionY": 37.15625, "crumble": 0, "slip": 0, "restitution": 1, "friction": 1, "height": 0.3333333333333333}, "hold20": {"width": 0.3333333333333333, "positionX": 23.03125, "positionY": 30.59375, "crumble": 0, "slip": 0, "restitution": 1, "friction": 1, "height": 0.3333333333333333}, "hold27": {"width": 0.3333333333333333, "positionX": 16.25, "positionY": 33.84375, "crumble": 0, "slip": 0, "restitution": 1, "friction": 1, "height": 0.3333333333333333}, "hold26": {"width": 0.3333333333333333, "positionX": 9.21875, "positionY": 33.96875, "crumble": 0, "slip": 0, "restitution": 1, "friction": 1, "height": 0.3333333333333333}, "hold25": {"width": 0.3333333333333333, "positionX": 23.40625, "positionY": 40.4375, "crumble": 0, "slip": 0, "restitution": 1, "friction": 1, "height": 0.3333333333333333}, "hold24": {"width": 0.3333333333333333, "positionX": 8.59375, "positionY": 40.4375, "crumble": 0, "slip": 0, "restitution": 1, "friction": 1, "height": 0.3333333333333333}, "hold38": {"width": 0.3333333333333333, "positionX": 8.59375, "positionY": 3.8125, "crumble": 0, "slip": 0, "restitution": 1, "friction": 1, "height": 0.3333333333333333}, "hold40": {"width": 0.3333333333333333, "positionX": 23.3125, "positionY": 4.062499999999999, "crumble": 0, "slip": 0, "restitution": 1, "friction": 1, "height": 0.3333333333333333}, "hold36": {"width": 0.3333333333333333, "positionX": 16.21875, "positionY": 11.0625, "crumble": 0, "slip": 0, "restitution": 1, "friction": 1, "height": 0.3333333333333333}, "hold8": {"width": 0.3333333333333333, "positionX": 23.0, "positionY": 0.21875000000000122, "crumble": 0, "slip": 0, "restitution": 1, "friction": 1, "height": 0.3333333333333333}, "hold9": {"width": 0.3333333333333333, "positionX": 23.03125, "positionY": 8.1875, "crumble": 0, "slip": 0, "restitution": 1, "friction": 1, "height": 0.3333333333333333}, "hold37": {"width": 0.3333333333333333, "positionX": 8.75, "positionY": 11.15625, "crumble": 0, "slip": 0, "restitution": 1, "friction": 1, "height": 0.3333333333333333}, "hold39": {"width": 0.3333333333333333, "positionX": 15.875, "positionY": 4.093750000000001, "crumble": 0, "slip": 0, "restitution": 1, "friction": 1, "height": 0.3333333333333333}, "hold0": {"width": 0.3333333333333333, "positionX": 23.21875, "positionY": 47.03125, "crumble": 0, "slip": 0, "restitution": 1, "friction": 1, "height": 0.3333333333333333}, "hold1": {"width": 0.3333333333333333, "positionX": 16.03125, "positionY": 46.78125, "crumble": 0, "slip": 0, "restitution": 1, "friction": 1, "height": 0.3333333333333333}, "hold2": {"width": 0.3333333333333333, "positionX": 8.6875, "positionY": 46.9375, "crumble": 0, "slip": 0, "restitution": 1, "friction": 1, "height": 0.3333333333333333}, "hold3": {"width": 0.3333333333333333, "positionX": 8.71875, "positionY": 43.71875, "crumble": 0, "slip": 0, "restitution": 1, "friction": 1, "height": 0.3333333333333333}, "hold4": {"width": 0.3333333333333333, "positionX": 23.09375, "positionY": 14.718750000000002, "crumble": 0, "slip": 0, "restitution": 1, "friction": 1, "height": 0.3333333333333333}, "hold5": {"width": 0.3333333333333333, "positionX": 23.0625, "positionY": 21.65625, "crumble": 0, "slip": 0, "restitution": 1, "friction": 1, "height": 0.3333333333333333}, "hold6": {"width": 0.3333333333333333, "positionX": 8.78125, "positionY": 0.125000000000001, "crumble": 0, "slip": 0, "restitution": 1, "friction": 1, "height": 0.3333333333333333}, "hold7": {"width": 0.3333333333333333, "positionX": 15.71875, "positionY": 0.28125000000000044, "crumble": 0, "slip": 0, "restitution": 1, "friction": 1, "height": 0.3333333333333333}, "hold12": {"width": 0.3333333333333333, "positionX": 8.90625, "positionY": 14.468749999999998, "crumble": 0, "slip": 0, "restitution": 1, "friction": 1, "height": 0.3333333333333333}, "hold13": {"width": 0.3333333333333333, "positionX": 16.21875, "positionY": 14.406250000000002, "crumble": 0, "slip": 0, "restitution": 1, "friction": 1, "height": 0.3333333333333333}, "hold10": {"width": 0.3333333333333333, "positionX": 16.375, "positionY": 8.03125, "crumble": 0, "slip": 0, "restitution": 1, "friction": 1, "height": 0.3333333333333333}, "hold11": {"width": 0.3333333333333333, "positionX": 8.8125, "positionY": 8.3125, "crumble": 0, "slip": 0, "restitution": 1, "friction": 1, "height": 0.3333333333333333}, "hold16": {"width": 0.3333333333333333, "positionX": 16.0625, "positionY": 21.71875, "crumble": 0, "slip": 0, "restitution": 1, "friction": 1, "height": 0.3333333333333333}, "hold17": {"width": 0.3333333333333333, "positionX": 9.0625, "positionY": 21.6875, "crumble": 0, "slip": 0, "restitution": 1, "friction": 1, "height": 0.3333333333333333}, "hold14": {"width": 0.3333333333333333, "positionX": 8.8125, "positionY": 30.3125, "crumble": 0, "slip": 0, "restitution": 1, "friction": 1, "height": 0.3333333333333333}, "hold15": {"width": 0.3333333333333333, "positionX": 16.15625, "positionY": 30.4375, "crumble": 0, "slip": 0, "restitution": 1, "friction": 1, "height": 0.3333333333333333}, "hold34": {"width": 0.3333333333333333, "positionX": 8.5625, "positionY": 18.125, "crumble": 0, "slip": 0, "restitution": 1, "friction": 1, "height": 0.3333333333333333}, "hold35": {"width": 0.3333333333333333, "positionX": 23.28125, "positionY": 11.0625, "crumble": 0, "slip": 0, "restitution": 1, "friction": 1, "height": 0.3333333333333333}, "hold18": {"width": 0.3333333333333333, "positionX": 16.0, "positionY": 37.3125, "crumble": 0, "slip": 0, "restitution": 1, "friction": 1, "height": 0.3333333333333333}, "hold19": {"width": 0.3333333333333333, "positionX": 8.9375, "positionY": 37.75, "crumble": 0, "slip": 0, "restitution": 1, "friction": 1, "height": 0.3333333333333333}, "hold30": {"width": 0.3333333333333333, "positionX": 16.09375, "positionY": 26.59375, "crumble": 0, "slip": 0, "restitution": 1, "friction": 1, "height": 0.3333333333333333}, "hold31": {"width": 0.3333333333333333, "positionX": 8.8125, "positionY": 26.1875, "crumble": 0, "slip": 0, "restitution": 1, "friction": 1, "height": 0.3333333333333333}, "hold32": {"width": 0.3333333333333333, "positionX": 23.25, "positionY": 18.53125, "crumble": 0, "slip": 0, "restitution": 1, "friction": 1, "height": 0.3333333333333333}, "hold33": {"width": 0.3333333333333333, "positionX": 16.03125, "positionY": 18.21875, "crumble": 0, "slip": 0, "restitution": 1, "friction": 1, "height": 0.3333333333333333}}, "size": 48.0}