{"difficulty": "hard", "obstacles": {"obstacle0": {"width": 2.635229540918157, "frequency": 82.1856287425142, "originY": 62.71875, "originX": 17.03125, "height": 1.6666666666666667}}, "static": {"obstacle0": {"y": 31.03125, "x": 7.6875, "size": 0.3333333333333333}, "obstacle1": {"y": 36.5, "x": 14.34375, "size": 0.3333333333333333}, "obstacle2": {"y": 29.28125, "x": 23.4375, "size": 0.3333333333333333}, "obstacle3": {"y": 21.5625, "x": 10.1875, "size": 0.3333333333333333}, "obstacle4": {"y": 16.90625, "x": 23.4375, "size": 0.3333333333333333}, "obstacle5": {"y": 11.3125, "x": 11.3125, "size": 0.3333333333333333}, "obstacle6": {"y": 25.90625, "x": 13.90625, "size": 0.3333333333333333}}, "handholds": {"hold8": {"width": 0.3333333333333333, "positionX": 16.4375, "positionY": 8.1875, "crumble": 0, "slip": 0, "restitution": 1, "movement": {"endY": 46.15625, "endX": 16.1875, "startX": 16.4375, "startY": 8.1875, "speed": 1}, "friction": 1, "height": 0.3333333333333333}, "hold0": {"width": 0.3333333333333333, "positionX": 8.8125, "positionY": 3.343750000000001, "crumble": 0, "slip": 0, "restitution": 1, "friction": 1, "height": 0.3333333333333333}, "hold1": {"width": 0.3333333333333333, "positionX": 22.375, "positionY": 3.624999999999999, "crumble": 0, "slip": 0, "restitution": 1, "friction": 1, "height": 0.3333333333333333}, "hold2": {"width": 0.3333333333333333, "positionX": 16.21875, "positionY": 3.0625, "crumble": 0, "slip": 0, "restitution": 1, "friction": 1, "height": 0.3333333333333333}, "hold3": {"width": 0.3333333333333333, "positionX": 7.6875, "positionY": 46.125, "crumble": 0, "slip": 0, "restitution": 1, "friction": 1, "height": 0.3333333333333333}, "hold4": {"width": 0.3333333333333333, "positionX": 13.71875, "positionY": 46.0625, "crumble": 0, "slip": 0, "restitution": 1, "friction": 1, "height": 0.3333333333333333}, "hold5": {"width": 0.3333333333333333, "positionX": 19.125, "positionY": 46.1875, "crumble": 0, "slip": 0, "restitution": 1, "friction": 1, "height": 0.3333333333333333}, "hold6": {"width": 0.3333333333333333, "positionX": 24.125, "positionY": 46.25, "crumble": 0, "slip": 0, "restitution": 1, "friction": 1, "height": 0.3333333333333333}}, "size": 48.0}