{"difficulty": "medium", "obstacles": {}, "static": {"obstacle34": {"y": 36.96195652173913, "x": 13.024456521739134, "size": 0.5253623188405797}, "obstacle31": {"y": 39.27445652173913, "x": 9.899456521739127, "size": 0.5253623188405797}, "obstacle23": {"y": 32.83695652173913, "x": 22.274456521739133, "size": 0.5253623188405797}, "obstacle22": {"y": 28.89945652173913, "x": 21.524456521739133, "size": 0.5253623188405797}, "obstacle21": {"y": 24.961956521739125, "x": 20.961956521739133, "size": 0.5253623188405797}, "obstacle20": {"y": 19.33695652173913, "x": 19.899456521739133, "size": 0.5253623188405797}, "obstacle27": {"y": 28.33695652173913, "x": 12.08695652173913, "size": 0.5253623188405797}, "obstacle26": {"y": 27.21195652173913, "x": 14.46195652173913, "size": 0.5253623188405797}, "obstacle25": {"y": 25.961956521739125, "x": 18.399456521739133, "size": 0.5253623188405797}, "obstacle24": {"y": 35.21195652173913, "x": 23.08695652173913, "size": 0.5253623188405797}, "obstacle29": {"y": 39.52445652173913, "x": 6.899456521739131, "size": 0.5253623188405797}, "obstacle28": {"y": 30.836956521739125, "x": 10.71195652173913, "size": 0.5253623188405797}, "obstacle36": {"y": 35.21195652173913, "x": 16.274456521739133, "size": 0.5253623188405797}, "obstacle35": {"y": 34.52445652173913, "x": 13.96195652173913, "size": 0.5253623188405797}, "obstacle8": {"y": 12.461956521739129, "x": 13.58695652173913, "size": 0.5253623188405797}, "obstacle9": {"y": 11.749999999999998, "x": 19.125, "size": 0.3333333333333333}, "obstacle37": {"y": 37.46195652173913, "x": 18.024456521739133, "size": 0.5253623188405797}, "obstacle0": {"y": 6.562500000000002, "x": 20.125, "size": 0.5253623188405797}, "obstacle1": {"y": 9.211956521739133, "x": 21.149456521739133, "size": 0.5253623188405797}, "obstacle2": {"y": 11.71195652173913, "x": 21.524456521739133, "size": 0.5253623188405797}, "obstacle3": {"y": 14.774456521739127, "x": 22.899456521739133, "size": 0.5253623188405797}, "obstacle4": {"y": 16.774456521739125, "x": 24.39945652173913, "size": 0.5253623188405797}, "obstacle5": {"y": 4.774456521739133, "x": 12.46195652173913, "size": 0.5253623188405797}, "obstacle6": {"y": 7.836956521739131, "x": 10.96195652173913, "size": 0.5253623188405797}, "obstacle7": {"y": 11.899456521739129, "x": 10.71195652173913, "size": 0.5253623188405797}, "obstacle32": {"y": 38.83695652173913, "x": 11.08695652173913, "size": 0.5253623188405797}, "obstacle33": {"y": 38.08695652173913, "x": 12.21195652173913, "size": 0.5253623188405797}, "obstacle18": {"y": 16.211956521739125, "x": 15.77445652173913, "size": 0.5253623188405797}, "obstacle19": {"y": 16.774456521739125, "x": 18.524456521739133, "size": 0.5253623188405797}, "obstacle38": {"y": 38.93750000000001, "x": 23.75, "size": 0.5253623188405797}, "obstacle12": {"y": 12.624999999999996, "x": 15.0625, "size": 0.3333333333333333}, "obstacle13": {"y": 19.27445652173913, "x": 9.08695652173913, "size": 0.5253623188405797}, "obstacle10": {"y": 12.187499999999998, "x": 16.5, "size": 0.3333333333333333}, "obstacle11": {"y": 11.937500000000002, "x": 17.875, "size": 0.3333333333333333}, "obstacle16": {"y": 18.02445652173913, "x": 11.586956521739134, "size": 0.5253623188405797}, "obstacle17": {"y": 16.83695652173913, "x": 13.83695652173913, "size": 0.5253623188405797}, "obstacle14": {"y": 21.086956521739125, "x": 7.086956521739127, "size": 0.5253623188405797}, "obstacle15": {"y": 23.961956521739125, "x": 7.211956521739127, "size": 0.5253623188405797}, "obstacle30": {"y": 39.52445652173913, "x": 8.33695652173913, "size": 0.5253623188405797}}, "handholds": {"hold8": {"width": 0.3333333333333333, "positionX": 24.1875, "positionY": 27.375, "crumble": 0, "slip": 0, "restitution": 1, "friction": 1, "height": 0.3333333333333333}, "hold9": {"width": 0.3333333333333333, "positionX": 21.8125, "positionY": 1.3125000000000022, "crumble": 0, "slip": 0, "restitution": 1, "friction": 1, "height": 0.3333333333333333}, "hold0": {"width": 0.3333333333333333, "positionX": 10.9375, "positionY": 1.3749999999999996, "crumble": 0, "slip": 0, "restitution": 1, "friction": 1, "height": 0.3333333333333333}, "hold1": {"width": 0.3333333333333333, "positionX": 8.625, "positionY": 16.625, "crumble": 0, "slip": 0, "restitution": 1, "friction": 1, "height": 0.3333333333333333}, "hold2": {"width": 0.3333333333333333, "positionX": 8.625, "positionY": 9.5625, "crumble": 0, "slip": 0, "restitution": 1, "friction": 1, "height": 0.3333333333333333}, "hold3": {"width": 0.3333333333333333, "positionX": 17.5, "positionY": 13.625, "crumble": 0, "slip": 0, "restitution": 1, "friction": 1, "height": 0.3333333333333333}, "hold4": {"width": 0.3333333333333333, "positionX": 20.625, "positionY": 14.0, "crumble": 0, "slip": 0, "restitution": 1, "friction": 1, "height": 0.3333333333333333}, "hold5": {"width": 0.3333333333333333, "positionX": 23.9375, "positionY": 21.125000000000004, "crumble": 0, "slip": 0, "restitution": 1, "friction": 1, "height": 0.3333333333333333}, "hold6": {"width": 0.3333333333333333, "positionX": 12.6875, "positionY": 24.4375, "crumble": 0, "slip": 0, "restitution": 1, "friction": 1, "height": 0.3333333333333333}, "hold7": {"width": 0.3333333333333333, "positionX": 24.0625, "positionY": 25.0625, "crumble": 0, "slip": 0, "restitution": 1, "friction": 1, "height": 0.3333333333333333}, "hold12": {"width": 0.3333333333333333, "positionX": 15.1875, "positionY": 30.1875, "crumble": 0, "slip": 0, "restitution": 1, "friction": 1, "height": 0.3333333333333333}, "hold13": {"width": 0.3333333333333333, "positionX": 21.5625, "positionY": 36.375, "crumble": 0, "slip": 0, "restitution": 1, "friction": 1, "height": 0.3333333333333333}, "hold10": {"width": 0.3333333333333333, "positionX": 23.625, "positionY": 7.375000000000001, "crumble": 0, "slip": 0, "restitution": 1, "friction": 1, "height": 0.3333333333333333}, "hold11": {"width": 0.3333333333333333, "positionX": 24.5625, "positionY": 11.937500000000002, "crumble": 0, "slip": 0, "restitution": 1, "friction": 1, "height": 0.3333333333333333}, "hold14": {"width": 0.3333333333333333, "positionX": 8.812499999999996, "positionY": 37.00000000000001, "crumble": 0, "slip": 0, "restitution": 1, "friction": 1, "height": 0.3333333333333333}}, "size": 41.55395683453237}