{"difficulty": "hard", "obstacles": {}, "static": {}, "handholds": {"hold9": {"width": 0.3333333333333333, "positionX": 8.3125, "positionY": 15.1875, "crumble": 0, "slip": 0, "restitution": 1, "movement": {"endY": 15.250000000000002, "endX": 24.34375, "startX": 8.3125, "startY": 15.1875, "speed": 1.1834600760456273}, "friction": 1, "height": 0.3333333333333333}, "hold1": {"width": 0.3333333333333333, "positionX": 7.3125, "positionY": 0.1562499999999991, "crumble": 0, "slip": 0, "restitution": 1, "movement": {"endY": 0.06249999999999878, "endX": 24.65625, "startX": 7.3125, "startY": 0.1562499999999991, "speed": 1.1834600760456273}, "friction": 1, "height": 0.3333333333333333}, "hold3": {"width": 0.3333333333333333, "positionX": 24.6875, "positionY": 1.2187500000000004, "crumble": 0, "slip": 0, "restitution": 1, "movement": {"endY": 13.281249999999998, "endX": 24.53125, "startX": 24.6875, "startY": 1.2187500000000004, "speed": 1.1834600760456273}, "friction": 1, "height": 0.3333333333333333}, "hold5": {"width": 0.3333333333333333, "positionX": 22.8125, "positionY": 13.21875, "crumble": 0, "slip": 0, "restitution": 1, "movement": {"endY": 13.5625, "endX": 8.28125, "startX": 22.8125, "startY": 13.21875, "speed": 1.1834600760456273}, "friction": 1, "height": 0.3333333333333333}, "hold7": {"width": 0.3333333333333333, "positionX": 7.71875, "positionY": 12.0625, "crumble": 0, "slip": 0, "restitution": 1, "movement": {"endY": 1.4374999999999991, "endX": 7.15625, "startX": 7.71875, "startY": 12.0625, "speed": 1.1834600760456273}, "friction": 1, "height": 0.3333333333333333}, "hold13": {"width": 0.3333333333333333, "positionX": 8.46875, "positionY": 16.9375, "crumble": 0, "slip": 0, "restitution": 1, "movement": {"endY": 23.34375, "endX": 23.53125, "startX": 8.46875, "startY": 16.9375, "speed": 1.1834600760456273}, "friction": 1, "height": 0.3333333333333333}, "hold29": {"width": 0.3333333333333333, "positionX": 16.09375, "positionY": 36.625, "crumble": 0, "slip": 0, "restitution": 1, "movement": {"endY": 46.3125, "endX": 24.5, "startX": 16.09375, "startY": 36.625, "speed": 1.1834600760456273}, "friction": 1, "height": 0.3333333333333333}, "hold11": {"width": 0.3333333333333333, "positionX": 24.1875, "positionY": 17.40625, "crumble": 0, "slip": 0, "restitution": 1, "movement": {"endY": 23.8125, "endX": 9.8125, "startX": 24.1875, "startY": 17.40625, "speed": 1.1834600760456273}, "friction": 1, "height": 0.3333333333333333}, "hold17": {"width": 0.3333333333333333, "positionX": 7.15625, "positionY": 26.1875, "crumble": 0, "slip": 0, "restitution": 1, "movement": {"endY": 25.90625, "endX": 24.3125, "startX": 7.15625, "startY": 26.1875, "speed": 1.1834600760456273}, "friction": 1, "height": 0.3333333333333333}, "hold15": {"width": 0.3333333333333333, "positionX": 8.15625, "positionY": 7.124999999999998, "crumble": 0, "slip": 0, "restitution": 1, "movement": {"endY": 7.093750000000002, "endX": 23.875, "startX": 8.15625, "startY": 7.124999999999998, "speed": 1.1834600760456273}, "friction": 1, "height": 0.3333333333333333}, "hold23": {"width": 0.3333333333333333, "positionX": 12.75, "positionY": 31.875, "crumble": 0, "slip": 0, "restitution": 1, "movement": {"endY": 32.09375, "endX": 19.15625, "startX": 12.75, "startY": 31.875, "speed": 1.1834600760456273}, "friction": 1, "height": 0.3333333333333333}, "hold21": {"width": 0.3333333333333333, "positionX": 9.4375, "positionY": 27.25, "crumble": 0, "slip": 0, "restitution": 1, "movement": {"endY": 37.78125, "endX": 24.5, "startX": 9.4375, "startY": 27.25, "speed": 1.1834600760456273}, "friction": 1, "height": 0.3333333333333333}, "hold19": {"width": 0.3333333333333333, "positionX": 22.5, "positionY": 25.9375, "crumble": 0, "slip": 0, "restitution": 1, "movement": {"endY": 37.59375, "endX": 8.34375, "startX": 22.5, "startY": 25.9375, "speed": 1.1834600760456273}, "friction": 1, "height": 0.3333333333333333}, "hold27": {"width": 0.3333333333333333, "positionX": 8.78125, "positionY": 45.8125, "crumble": 0, "slip": 0, "restitution": 1, "movement": {"endY": 36.6875, "endX": 15.4375, "startX": 8.78125, "startY": 45.8125, "speed": 1.1834600760456273}, "friction": 1, "height": 0.3333333333333333}, "hold31": {"width": 0.3333333333333333, "positionX": 22.15625, "positionY": 46.1875, "crumble": 0, "slip": 0, "restitution": 1, "movement": {"endY": 46.03125, "endX": 11.59375, "startX": 22.15625, "startY": 46.1875, "speed": 1.1834600760456273}, "friction": 1, "height": 0.3333333333333333}, "hold25": {"width": 0.3333333333333333, "positionX": 16.3125, "positionY": 32.3125, "crumble": 0, "slip": 0, "restitution": 1, "movement": {"endY": 43.1875, "endX": 16.34375, "startX": 16.3125, "startY": 32.3125, "speed": 1.1834600760456273}, "friction": 1, "height": 0.3333333333333333}}, "size": 48.0}