{"difficulty": "hard", "obstacles": {"obstacle0": {"width": 1.6666666666666667, "frequency": 300, "originY": 59.3125, "originX": 8.625, "height": 1.6666666666666667}, "obstacle1": {"width": 1.6666666666666667, "frequency": 426.42857142857133, "originY": 58.12499999999999, "originX": 20.875, "height": 1.6666666666666667}}, "static": {"obstacle8": {"y": 9.375000000000002, "x": 7.1875, "size": 0.3333333333333333}, "obstacle9": {"y": 9.125, "x": 24.4375, "size": 0.3333333333333333}, "obstacle0": {"y": 13.5625, "x": 16.4375, "size": 0.3333333333333333}, "obstacle1": {"y": 26.9375, "x": 16.1875, "size": 0.3333333333333333}, "obstacle2": {"y": 35.00000000000001, "x": 15.75, "size": 0.3333333333333333}, "obstacle3": {"y": 20.937499999999996, "x": 7.4999999999999964, "size": 0.3333333333333333}, "obstacle4": {"y": 32.1875, "x": 7.25, "size": 0.3333333333333333}, "obstacle5": {"y": 31.625, "x": 23.3125, "size": 0.3333333333333333}, "obstacle6": {"y": 20.4375, "x": 24.625, "size": 0.3333333333333333}, "obstacle7": {"y": 9.375000000000002, "x": 6.8125, "size": 0.3333333333333333}}, "handholds": {"hold29": {"width": 0.3333333333333333, "positionX": 16.0, "positionY": 7.124999999999999, "crumble": 0, "slip": 0, "restitution": 1, "friction": 1, "height": 0.3333333333333333}, "hold28": {"width": 0.3333333333333333, "positionX": 19.4375, "positionY": 9.125, "crumble": 0, "slip": 0, "restitution": 1, "friction": 1, "height": 0.3333333333333333}, "hold44": {"width": 0.3333333333333333, "positionX": 10.500000000000004, "positionY": 12.749999999999998, "crumble": 0, "slip": 0, "restitution": 1, "friction": 1, "height": 0.3333333333333333}, "hold23": {"width": 0.3333333333333333, "positionX": 20.0625, "positionY": 18.3125, "crumble": 0, "slip": 0, "restitution": 1, "friction": 1, "height": 0.3333333333333333}, "hold22": {"width": 0.3333333333333333, "positionX": 18.4375, "positionY": 19.499999999999996, "crumble": 0, "slip": 0, "restitution": 1, "friction": 1, "height": 0.3333333333333333}, "hold21": {"width": 0.3333333333333333, "positionX": 15.25, "positionY": 21.687500000000004, "crumble": 0, "slip": 0, "restitution": 1, "friction": 1, "height": 0.3333333333333333}, "hold20": {"width": 0.3333333333333333, "positionX": 12.1875, "positionY": 23.625, "crumble": 0, "slip": 0, "restitution": 1, "friction": 1, "height": 0.3333333333333333}, "hold27": {"width": 0.3333333333333333, "positionX": 21.0625, "positionY": 10.749999999999998, "crumble": 0, "slip": 0, "restitution": 1, "friction": 1, "height": 0.3333333333333333}, "hold26": {"width": 0.3333333333333333, "positionX": 22.9375, "positionY": 12.6875, "crumble": 0, "slip": 0, "restitution": 1, "friction": 1, "height": 0.3333333333333333}, "hold25": {"width": 0.3333333333333333, "positionX": 24.0, "positionY": 14.500000000000004, "crumble": 0, "slip": 0, "restitution": 1, "friction": 1, "height": 0.3333333333333333}, "hold24": {"width": 0.3333333333333333, "positionX": 22.875, "positionY": 16.25, "crumble": 0, "slip": 0, "restitution": 1, "friction": 1, "height": 0.3333333333333333}, "hold49": {"width": 0.3333333333333333, "positionX": 11.1875, "positionY": 29.3125, "crumble": 0, "slip": 0, "restitution": 1, "friction": 1, "height": 0.3333333333333333}, "hold48": {"width": 0.3333333333333333, "positionX": 10.6875, "positionY": 24.249999999999996, "crumble": 0, "slip": 0, "restitution": 1, "friction": 1, "height": 0.3333333333333333}, "hold45": {"width": 0.3333333333333333, "positionX": 7.875, "positionY": 17.5625, "crumble": 0, "slip": 0, "restitution": 1, "friction": 1, "height": 0.3333333333333333}, "hold38": {"width": 0.3333333333333333, "positionX": 24.5, "positionY": 2.375, "crumble": 0, "slip": 0, "restitution": 1, "friction": 1, "height": 0.3333333333333333}, "hold47": {"width": 0.3333333333333333, "positionX": 10.375000000000004, "positionY": 18.4375, "crumble": 0, "slip": 0, "restitution": 1, "friction": 1, "height": 0.3333333333333333}, "hold46": {"width": 0.3333333333333333, "positionX": 12.3125, "positionY": 20.4375, "crumble": 0, "slip": 0, "restitution": 1, "friction": 1, "height": 0.3333333333333333}, "hold41": {"width": 0.3333333333333333, "positionX": 16.0, "positionY": 7.625000000000002, "crumble": 0, "slip": 0, "restitution": 1, "friction": 1, "height": 0.3333333333333333}, "hold40": {"width": 0.3333333333333333, "positionX": 18.75, "positionY": 5.687499999999999, "crumble": 0, "slip": 0, "restitution": 1, "friction": 1, "height": 0.3333333333333333}, "hold43": {"width": 0.3333333333333333, "positionX": 12.1875, "positionY": 10.937500000000002, "crumble": 0, "slip": 0, "restitution": 1, "friction": 1, "height": 0.3333333333333333}, "hold42": {"width": 0.3333333333333333, "positionX": 13.8125, "positionY": 9.500000000000002, "crumble": 0, "slip": 0, "restitution": 1, "friction": 1, "height": 0.3333333333333333}, "hold36": {"width": 0.3333333333333333, "positionX": 22.625, "positionY": 0.3125000000000021, "crumble": 0, "slip": 0, "restitution": 1, "friction": 1, "height": 0.3333333333333333}, "hold8": {"width": 0.3333333333333333, "positionX": 12.3125, "positionY": 32.75, "crumble": 0, "slip": 0, "restitution": 1, "friction": 1, "height": 0.3333333333333333}, "hold9": {"width": 0.3333333333333333, "positionX": 9.062500000000004, "positionY": 34.75, "crumble": 0, "slip": 0, "restitution": 1, "friction": 1, "height": 0.3333333333333333}, "hold37": {"width": 0.3333333333333333, "positionX": 9.5625, "positionY": 0.3125000000000021, "crumble": 0, "slip": 0, "restitution": 1, "friction": 1, "height": 0.3333333333333333}, "hold39": {"width": 0.3333333333333333, "positionX": 20.75, "positionY": 4.937500000000001, "crumble": 0, "slip": 0, "restitution": 1, "friction": 1, "height": 0.3333333333333333}, "hold0": {"width": 0.3333333333333333, "positionX": 8.625, "positionY": 15.5625, "crumble": 0, "slip": 0, "restitution": 1, "friction": 1, "height": 0.3333333333333333}, "hold1": {"width": 0.3333333333333333, "positionX": 13.187500000000004, "positionY": 18.6875, "crumble": 0, "slip": 0, "restitution": 1, "friction": 1, "height": 0.3333333333333333}, "hold2": {"width": 0.3333333333333333, "positionX": 17.125, "positionY": 21.999999999999996, "crumble": 0, "slip": 0, "restitution": 1, "friction": 1, "height": 0.3333333333333333}, "hold3": {"width": 0.3333333333333333, "positionX": 20.6875, "positionY": 24.1875, "crumble": 0, "slip": 0, "restitution": 1, "friction": 1, "height": 0.3333333333333333}, "hold4": {"width": 0.3333333333333333, "positionX": 23.0625, "positionY": 26.374999999999996, "crumble": 0, "slip": 0, "restitution": 1, "friction": 1, "height": 0.3333333333333333}, "hold5": {"width": 0.3333333333333333, "positionX": 21.25, "positionY": 29.375, "crumble": 0, "slip": 0, "restitution": 1, "friction": 1, "height": 0.3333333333333333}, "hold6": {"width": 0.3333333333333333, "positionX": 18.875, "positionY": 30.5, "crumble": 0, "slip": 0, "restitution": 1, "friction": 1, "height": 0.3333333333333333}, "hold7": {"width": 0.3333333333333333, "positionX": 15.5, "positionY": 31.000000000000004, "crumble": 0, "slip": 0, "restitution": 1, "friction": 1, "height": 0.3333333333333333}, "hold12": {"width": 0.3333333333333333, "positionX": 14.5, "positionY": 38.8125, "crumble": 0, "slip": 0, "restitution": 1, "friction": 1, "height": 0.3333333333333333}, "hold13": {"width": 0.3333333333333333, "positionX": 17.375, "positionY": 38.875, "crumble": 0, "slip": 0, "restitution": 1, "friction": 1, "height": 0.3333333333333333}, "hold10": {"width": 0.3333333333333333, "positionX": 9.4375, "positionY": 36.6875, "crumble": 0, "slip": 0, "restitution": 1, "friction": 1, "height": 0.3333333333333333}, "hold11": {"width": 0.3333333333333333, "positionX": 11.875000000000004, "positionY": 37.4375, "crumble": 0, "slip": 0, "restitution": 1, "friction": 1, "height": 0.3333333333333333}, "hold16": {"width": 0.3333333333333333, "positionX": 21.9375, "positionY": 33.74999999999999, "crumble": 0, "slip": 0, "restitution": 1, "friction": 1,