{"difficulty": "medium", "obstacles": {}, "static": {"obstacle34": {"y": 7.7499999999999964, "x": 8.1875, "size": 0.3333333333333333}, "obstacle31": {"y": 12.250000000000002, "x": 13.062499999999996, "size": 0.3333333333333333}, "obstacle23": {"y": 29.687499999999996, "x": 8.874999999999996, "size": 0.3333333333333333}, "obstacle22": {"y": 32.5, "x": 9.75, "size": 0.3333333333333333}, "obstacle21": {"y": 33.56250000000001, "x": 11.5, "size": 0.3333333333333333}, "obstacle20": {"y": 35.0625, "x": 13.187500000000004, "size": 0.3333333333333333}, "obstacle27": {"y": 12.5625, "x": 23.75, "size": 0.3333333333333333}, "obstacle26": {"y": 13.749999999999998, "x": 22.4375, "size": 0.3333333333333333}, "obstacle25": {"y": 15.250000000000002, "x": 20.3125, "size": 0.3333333333333333}, "obstacle24": {"y": 27.999999999999996, "x": 8.1875, "size": 0.3333333333333333}, "obstacle29": {"y": 9.437499999999998, "x": 23.6875, "size": 0.3333333333333333}, "obstacle28": {"y": 11.25, "x": 24.25, "size": 0.3333333333333333}, "obstacle36": {"y": 43.0625, "x": 23.0, "size": 0.3333333333333333}, "obstacle35": {"y": 6.062500000000002, "x": 7.8125, "size": 0.3333333333333333}, "obstacle8": {"y": 19.625, "x": 14.1875, "size": 0.3333333333333333}, "obstacle9": {"y": 20.937499999999996, "x": 12.9375, "size": 0.3333333333333333}, "obstacle37": {"y": 41.0, "x": 22.9375, "size": 0.3333333333333333}, "obstacle0": {"y": 16.75, "x": 6.9375, "size": 0.3333333333333333}, "obstacle1": {"y": 16.0, "x": 7.9375, "size": 0.3333333333333333}, "obstacle2": {"y": 15.062499999999996, "x": 8.874999999999996, "size": 0.3333333333333333}, "obstacle3": {"y": 14.500000000000004, "x": 9.9375, "size": 0.3333333333333333}, "obstacle4": {"y": 13.937500000000002, "x": 10.9375, "size": 0.3333333333333333}, "obstacle5": {"y": 16.499999999999996, "x": 18.125, "size": 0.3333333333333333}, "obstacle6": {"y": 17.6875, "x": 17.0625, "size": 0.3333333333333333}, "obstacle7": {"y": 18.625, "x": 15.625, "size": 0.3333333333333333}, "obstacle32": {"y": 10.812500000000002, "x": 11.624999999999996, "size": 0.3333333333333333}, "obstacle33": {"y": 9.125, "x": 9.1875, "size": 0.3333333333333333}, "obstacle18": {"y": 37.25, "x": 17.125, "size": 0.3333333333333333}, "obstacle19": {"y": 36.5, "x": 15.6875, "size": 0.3333333333333333}, "obstacle38": {"y": 39.18749999999999, "x": 22.9375, "size": 0.3333333333333333}, "obstacle12": {"y": 26.249999999999996, "x": 15.75, "size": 0.3333333333333333}, "obstacle13": {"y": 27.5, "x": 17.1875, "size": 0.3333333333333333}, "obstacle10": {"y": 23.3125, "x": 13.062499999999996, "size": 0.3333333333333333}, "obstacle11": {"y": 24.9375, "x": 14.25, "size": 0.3333333333333333}, "obstacle16": {"y": 31.437499999999996, "x": 21.3125, "size": 0.3333333333333333}, "obstacle17": {"y": 32.87499999999999, "x": 22.1875, "size": 0.3333333333333333}, "obstacle14": {"y": 28.625, "x": 18.4375, "size": 0.3333333333333333}, "obstacle15": {"y": 30.1875, "x": 20.0, "size": 0.3333333333333333}, "obstacle30": {"y": 12.874999999999998, "x": 12.0, "size": 0.3333333333333333}}, "handholds": {"hold8": {"width": 0.3333333333333333, "positionX": 19.1875, "positionY": 35.3125, "crumble": 0, "slip": 0, "restitution": 1, "friction": 1, "height": 0.3333333333333333}, "hold9": {"width": 0.3333333333333333, "positionX": 7.4375, "positionY": 21.874999999999996, "crumble": 0, "slip": 0, "restitution": 1, "friction": 1, "height": 0.3333333333333333}, "hold0": {"width": 0.3333333333333333, "positionX": 15.5, "positionY": 1.9375, "crumble": 0, "slip": 0, "restitution": 1, "friction": 1, "height": 0.3333333333333333}, "hold1": {"width": 0.3333333333333333, "positionX": 10.0625, "positionY": 2.062500000000001, "crumble": 0, "slip": 0, "restitution": 1, "friction": 1, "height": 0.3333333333333333}, "hold2": {"width": 0.3333333333333333, "positionX": 21.0, "positionY": 1.7500000000000018, "crumble": 0, "slip": 0, "restitution": 1, "friction": 1, "height": 0.3333333333333333}, "hold3": {"width": 0.3333333333333333, "positionX": 18.5625, "positionY": -0.3749999999999992, "crumble": 0, "slip": 0, "restitution": 1, "friction": 1, "height": 0.3333333333333333}, "hold4": {"width": 0.3333333333333333, "positionX": 10.249999999999996, "positionY": 0.06250000000000044, "crumble": 0, "slip": 0, "restitution": 1, "friction": 1, "height": 0.3333333333333333}, "hold5": {"width": 0.3333333333333333, "positionX": 19.0, "positionY": 11.0625, "crumble": 0, "slip": 0, "restitution": 1, "friction": 1, "height": 0.3333333333333333}, "hold6": {"width": 0.3333333333333333, "positionX": 17.5, "positionY": 1.8750000000000018, "crumble": 0, "slip": 0, "restitution": 1, "friction": 1, "height": 0.3333333333333333}, "hold7": {"width": 0.3333333333333333, "positionX": 7.6250000000000036, "positionY": 21.1875, "crumble": 0, "slip": 0, "restitution": 1, "friction": 1, "height": 0.3333333333333333}, "hold12": {"width": 0.3333333333333333, "positionX": 20.1875, "positionY": 43.0625, "crumble": 0, "slip": 0, "restitution": 1, "friction": 1, "height": 0.3333333333333333}, "hold10": {"width": 0.3333333333333333, "positionX": 20.125, "positionY": 34.6875, "crumble": 0, "slip": 0, "restitution": 1, "friction": 1, "height": 0.3333333333333333}, "hold11": {"width": 0.3333333333333333, "positionX": 23.8125, "positionY": 38.6875, "crumble": 0, "slip": 0, "restitution": 1, "friction": 1, "height": 0.3333333333333333}}, "size": 44.31654676258992}