{"difficulty": "hard", "obstacles": {}, "static": {"obstacle8": {"y": 30.46875, "x": 16.4375, "size": 0.3333333333333333}, "obstacle9": {"y": 38.625, "x": 16.34375, "size": 0.3333333333333333}, "obstacle0": {"y": 19.65625, "x": 11.21875, "size": 0.3333333333333333}, "obstacle1": {"y": 19.71875, "x": 21.4375, "size": 0.3333333333333333}, "obstacle2": {"y": 14.53125, "x": 16.28125, "size": 0.3333333333333333}, "obstacle3": {"y": 34.0625, "x": 10.8125, "size": 0.3333333333333333}, "obstacle4": {"y": 33.4375, "x": 22.6875, "size": 0.3333333333333333}, "obstacle5": {"y": 40.6875, "x": 16.4375, "size": 0.3333333333333333}, "obstacle6": {"y": 30.59375, "x": 10.875, "size": 0.3333333333333333}, "obstacle7": {"y": 30.21875, "x": 22.46875, "size": 0.3333333333333333}}, "handholds": {"hold8": {"width": 0.3333333333333333, "positionX": 16.375, "positionY": 10.125, "crumble": 0, "slip": 0, "restitution": 1, "friction": 1, "height": 0.3333333333333333}, "hold9": {"width": 0.3333333333333333, "positionX": 11.84375, "positionY": 4.968750000000001, "crumble": 0, "slip": 0, "restitution": 1, "friction": 1, "height": 0.3333333333333333}, "hold20": {"width": 0.3333333333333333, "positionX": 16.46875, "positionY": 46.78125, "crumble": 0, "slip": 0, "restitution": 1, "friction": 1, "height": 0.3333333333333333}, "hold0": {"width": 0.3333333333333333, "positionX": 11.4375, "positionY": 12.406250000000002, "crumble": 0, "slip": 0, "restitution": 1, "friction": 1, "height": 0.3333333333333333}, "hold1": {"width": 0.3333333333333333, "positionX": 21.3125, "positionY": 12.062500000000002, "crumble": 0, "slip": 0, "restitution": 1, "friction": 1, "height": 0.3333333333333333}, "hold2": {"width": 0.3333333333333333, "positionX": 21.1875, "positionY": 14.59375, "crumble": 0, "slip": 0, "restitution": 1, "friction": 1, "height": 0.3333333333333333}, "hold3": {"width": 0.3333333333333333, "positionX": 11.34375, "positionY": 14.5625, "crumble": 0, "slip": 0, "restitution": 1, "friction": 1, "height": 0.3333333333333333}, "hold4": {"width": 0.3333333333333333, "positionX": 16.21875, "positionY": 22.0, "crumble": 0, "slip": 0, "restitution": 1, "friction": 1, "height": 0.3333333333333333}, "hold5": {"width": 0.3333333333333333, "positionX": 9.21875, "positionY": 0.5624999999999993, "crumble": 0, "slip": 0, "restitution": 1, "friction": 1, "height": 0.3333333333333333}, "hold6": {"width": 0.3333333333333333, "positionX": 16.03125, "positionY": 0.6562499999999996, "crumble": 0, "slip": 0, "restitution": 1, "friction": 1, "height": 0.3333333333333333}, "hold7": {"width": 0.3333333333333333, "positionX": 22.71875, "positionY": 0.7187499999999989, "crumble": 0, "slip": 0, "restitution": 1, "friction": 1, "height": 0.3333333333333333}, "hold12": {"width": 0.3333333333333333, "positionX": 20.0625, "positionY": 30.0625, "crumble": 0, "slip": 0, "restitution": 1, "friction": 1, "height": 0.3333333333333333}, "hold13": {"width": 0.3333333333333333, "positionX": 16.5, "positionY": 33.84375, "crumble": 0, "slip": 0, "restitution": 1, "friction": 1, "height": 0.3333333333333333}, "hold10": {"width": 0.3333333333333333, "positionX": 21.3125, "positionY": 4.84375, "crumble": 0, "slip": 0, "restitution": 1, "friction": 1, "height": 0.3333333333333333}, "hold11": {"width": 0.3333333333333333, "positionX": 13.46875, "positionY": 30.312500000000004, "crumble": 0, "slip": 0, "restitution": 1, "friction": 1, "height": 0.3333333333333333}, "hold16": {"width": 0.3333333333333333, "positionX": 10.65625, "positionY": 44.71875, "crumble": 0, "slip": 0, "restitution": 1, "friction": 1, "height": 0.3333333333333333}, "hold17": {"width": 0.3333333333333333, "positionX": 22.53125, "positionY": 44.40625, "crumble": 0, "slip": 0, "restitution": 1, "friction": 1, "height": 0.3333333333333333}, "hold14": {"width": 0.3333333333333333, "positionX": 10.46875, "positionY": 40.53125, "crumble": 0, "slip": 0, "restitution": 1, "friction": 1, "height": 0.3333333333333333}, "hold15": {"width": 0.3333333333333333, "positionX": 22.625, "positionY": 40.34375, "crumble": 0, "slip": 0, "restitution": 1, "friction": 1, "height": 0.3333333333333333}, "hold18": {"width": 0.3333333333333333, "positionX": 12.46875, "positionY": 46.75, "crumble": 0, "slip": 0, "restitution": 1, "friction": 1, "height": 0.3333333333333333}, "hold19": {"width": 0.3333333333333333, "positionX": 18.9375, "positionY": 46.6875, "crumble": 0, "slip": 0, "restitution": 1, "friction": 1, "height": 0.3333333333333333}}, "size": 48.0}