{"difficulty": "hard", "obstacles": {}, "static": {}, "handholds": {"hold23": {"width": 0.3333333333333333, "positionX": 12.6875, "positionY": 44.0625, "crumble": 1.8536121673003803, "slip": 0, "restitution": 1, "friction": 1, "height": 0.3333333333333333}, "hold22": {"width": 0.3333333333333333, "positionX": 13.46875, "positionY": 38.65625, "crumble": 1.8536121673003803, "slip": 0, "restitution": 1, "friction": 1, "height": 0.3333333333333333}, "hold21": {"width": 0.3333333333333333, "positionX": 21.53125, "positionY": 41.3125, "crumble": 1.8536121673003803, "slip": 0, "restitution": 1, "friction": 1, "height": 0.3333333333333333}, "hold20": {"width": 0.3333333333333333, "positionX": 18.5625, "positionY": 39.21875, "crumble": 1.8536121673003803, "slip": 0, "restitution": 1, "friction": 1, "height": 0.3333333333333333}, "hold25": {"width": 0.3333333333333333, "positionX": 8.875, "positionY": 44.0625, "crumble": 1.8536121673003803, "slip": 0, "restitution": 1, "friction": 1, "height": 0.3333333333333333}, "hold24": {"width": 0.3333333333333333, "positionX": 21.34375, "positionY": 44.09375, "crumble": 1.8536121673003803, "slip": 0, "restitution": 1, "friction": 1, "height": 0.3333333333333333}, "hold8": {"width": 0.3333333333333333, "positionX": 21.78125, "positionY": 24.0, "crumble": 0.33269961977186313, "slip": 0, "restitution": 1, "friction": 1, "height": 0.3333333333333333}, "hold9": {"width": 0.3333333333333333, "positionX": 11.34375, "positionY": 2.71875, "crumble": 0.33269961977186313, "slip": 0, "restitution": 1, "friction": 1, "height": 0.3333333333333333}, "hold0": {"width": 0.3333333333333333, "positionX": 12.5625, "positionY": 9.65625, "crumble": 0.33269961977186313, "slip": 0, "restitution": 1, "friction": 1, "height": 0.3333333333333333}, "hold1": {"width": 0.3333333333333333, "positionX": 16.625, "positionY": 12.687500000000002, "crumble": 0.33269961977186313, "slip": 0, "restitution": 1, "friction": 1, "height": 0.3333333333333333}, "hold2": {"width": 0.3333333333333333, "positionX": 20.5, "positionY": 14.375000000000002, "crumble": 0.33269961977186313, "slip": 0, "restitution": 1, "friction": 1, "height": 0.3333333333333333}, "hold3": {"width": 0.3333333333333333, "positionX": 14.5, "positionY": 18.8125, "crumble": 0.33269961977186313, "slip": 0, "restitution": 1, "friction": 1, "height": 0.3333333333333333}, "hold4": {"width": 0.3333333333333333, "positionX": 11.15625, "positionY": 19.9375, "crumble": 0.33269961977186313, "slip": 0, "restitution": 1, "friction": 1, "height": 0.3333333333333333}, "hold5": {"width": 0.3333333333333333, "positionX": 10.59375, "positionY": 14.84375, "crumble": 0.33269961977186313, "slip": 0, "restitution": 1, "friction": 1, "height": 0.3333333333333333}, "hold6": {"width": 0.3333333333333333, "positionX": 20.03125, "positionY": 20.25, "crumble": 0.33269961977186313, "slip": 0, "restitution": 1, "friction": 1, "height": 0.3333333333333333}, "hold7": {"width": 0.3333333333333333, "positionX": 14.21875, "positionY": 23.625, "crumble": 0.33269961977186313, "slip": 0, "restitution": 1, "friction": 1, "height": 0.3333333333333333}, "hold12": {"width": 0.3333333333333333, "positionX": 9.1875, "positionY": 6.156250000000001, "crumble": 0.33269961977186313, "slip": 0, "restitution": 1, "friction": 1, "height": 0.3333333333333333}, "hold13": {"width": 0.3333333333333333, "positionX": 21.5625, "positionY": 10.3125, "crumble": 0.33269961977186313, "slip": 0, "restitution": 1, "friction": 1, "height": 0.3333333333333333}, "hold10": {"width": 0.3333333333333333, "positionX": 22.09375, "positionY": 1.9999999999999991, "crumble": 0.33269961977186313, "slip": 0, "restitution": 1, "friction": 1, "height": 0.3333333333333333}, "hold11": {"width": 0.3333333333333333, "positionX": 22.8125, "positionY": 6.531249999999999, "crumble": 0.33269961977186313, "slip": 0, "restitution": 1, "friction": 1, "height": 0.3333333333333333}, "hold16": {"width": 0.3333333333333333, "positionX": 16.90625, "positionY": 28.8125, "crumble": 1.8536121673003803, "slip": 0, "restitution": 1, "friction": 1, "height": 0.3333333333333333}, "hold17": {"width": 0.3333333333333333, "positionX": 14.15625, "positionY": 29.75, "crumble": 1.8536121673003803, "slip": 0, "restitution": 1, "friction": 1, "height": 0.3333333333333333}, "hold14": {"width": 0.3333333333333333, "positionX": 9.59375, "positionY": 28.1875, "crumble": 1.8536121673003803, "slip": 0, "restitution": 1, "friction": 1, "height": 0.3333333333333333}, "hold15": {"width": 0.3333333333333333, "positionX": 22.5625, "positionY": 27.84375, "crumble": 1.8536121673003803, "slip": 0, "restitution": 1, "friction": 1, "height": 0.3333333333333333}, "hold18": {"width": 0.3333333333333333, "positionX": 10.1875, "positionY": 42.46875, "crumble": 1.8536121673003803, "slip": 0, "restitution": 1, "friction": 1, "height": 0.3333333333333333}, "hold19": {"width": 0.3333333333333333, "positionX": 14.875, "positionY": 42.3125, "crumble": 1.8536121673003803, "slip": 0, "restitution": 1, "friction": 1, "height": 0.3333333333333333}}, "size": 45.88300153139357}