{"difficulty": "hard", "obstacles": {}, "static": {}, "handholds": {"hold50": {"width": 0.3333333333333333, "positionX": 9.53125, "positionY": 37.59375, "crumble": 3.2319391634980987, "slip": 0, "restitution": 1, "friction": 1, "height": 0.3333333333333333}, "hold51": {"width": 0.3333333333333333, "positionX": 10.125, "positionY": 34.84375, "crumble": 3.2319391634980987, "slip": 0, "restitution": 1, "friction": 1, "height": 0.3333333333333333}, "hold29": {"width": 0.3333333333333333, "positionX": 17.59375, "positionY": 34.0625, "crumble": 3.2319391634980987, "slip": 0, "restitution": 1, "friction": 1, "height": 0.3333333333333333}, "hold28": {"width": 0.3333333333333333, "positionX": 17.9375, "positionY": 33.4375, "crumble": 3.2319391634980987, "slip": 0, "restitution": 1, "friction": 1, "height": 0.3333333333333333}, "hold44": {"width": 0.3333333333333333, "positionX": 14.15625, "positionY": 40.90625, "crumble": 3.2319391634980987, "slip": 0, "restitution": 1, "friction": 1, "height": 0.3333333333333333}, "hold23": {"width": 0.3333333333333333, "positionX": 11.6875, "positionY": 27.593749999999996, "crumble": 3.2319391634980987, "slip": 0, "restitution": 1, "friction": 1, "height": 0.3333333333333333}, "hold22": {"width": 0.3333333333333333, "positionX": 18.8125, "positionY": 23.625, "crumble": 3.2319391634980987, "slip": 0, "restitution": 1, "friction": 1, "height": 0.3333333333333333}, "hold21": {"width": 0.3333333333333333, "positionX": 16.0625, "positionY": 23.5625, "crumble": 3.2319391634980987, "slip": 0, "restitution": 1, "friction": 1, "height": 0.3333333333333333}, "hold20": {"width": 0.3333333333333333, "positionX": 11.46875, "positionY": 23.6875, "crumble": 3.2319391634980987, "slip": 0, "restitution": 1, "friction": 1, "height": 0.3333333333333333}, "hold27": {"width": 0.3333333333333333, "positionX": 18.46875, "positionY": 32.0625, "crumble": 3.2319391634980987, "slip": 0, "restitution": 1, "friction": 1, "height": 0.3333333333333333}, "hold26": {"width": 0.3333333333333333, "positionX": 18.5, "positionY": 29.15625, "crumble": 3.2319391634980987, "slip": 0, "restitution": 1, "friction": 1, "height": 0.3333333333333333}, "hold25": {"width": 0.3333333333333333, "positionX": 17.34375, "positionY": 28.59375, "crumble": 3.2319391634980987, "slip": 0, "restitution": 1, "friction": 1, "height": 0.3333333333333333}, "hold24": {"width": 0.3333333333333333, "positionX": 14.4375, "positionY": 28.40625, "crumble": 3.2319391634980987, "slip": 0, "restitution": 1, "friction": 1, "height": 0.3333333333333333}, "hold49": {"width": 0.3333333333333333, "positionX": 21.1875, "positionY": 28.9375, "crumble": 3.2319391634980987, "slip": 0, "restitution": 1, "friction": 1, "height": 0.3333333333333333}, "hold48": {"width": 0.3333333333333333, "positionX": 22.21875, "positionY": 32.1875, "crumble": 3.2319391634980987, "slip": 0, "restitution": 1, "friction": 1, "height": 0.3333333333333333}, "hold45": {"width": 0.3333333333333333, "positionX": 19.875, "positionY": 43.6875, "crumble": 3.2319391634980987, "slip": 0, "restitution": 1, "friction": 1, "height": 0.3333333333333333}, "hold38": {"width": 0.3333333333333333, "positionX": 11.8125, "positionY": 39.21875, "crumble": 3.2319391634980987, "slip": 0, "restitution": 1, "friction": 1, "height": 0.3333333333333333}, "hold47": {"width": 0.3333333333333333, "positionX": 21.6875, "positionY": 35.96875, "crumble": 3.2319391634980987, "slip": 0, "restitution": 1, "friction": 1, "height": 0.3333333333333333}, "hold46": {"width": 0.3333333333333333, "positionX": 14.03125, "positionY": 44.5, "crumble": 3.2319391634980987, "slip": 0, "restitution": 1, "friction": 1, "height": 0.3333333333333333}, "hold41": {"width": 0.3333333333333333, "positionX": 16.53125, "positionY": 44.09375, "crumble": 3.2319391634980987, "slip": 0, "restitution": 1, "friction": 1, "height": 0.3333333333333333}, "hold40": {"width": 0.3333333333333333, "positionX": 10.4375, "positionY": 43.4375, "crumble": 3.2319391634980987, "slip": 0, "restitution": 1, "friction": 1, "height": 0.3333333333333333}, "hold43": {"width": 0.3333333333333333, "positionX": 19.875, "positionY": 39.15625, "crumble": 3.2319391634980987, "slip": 0, "restitution": 1, "friction": 1, "height": 0.3333333333333333}, "hold42": {"width": 0.3333333333333333, "positionX": 21.5, "positionY": 40.875, "crumble": 3.2319391634980987, "slip": 0, "restitution": 1, "friction": 1, "height": 0.3333333333333333}, "hold36": {"width": 0.3333333333333333, "positionX": 13.0, "positionY": 33.5625, "crumble": 3.2319391634980987, "slip": 0, "restitution": 1, "friction": 1, "height": 0.3333333333333333}, "hold8": {"width": 0.3333333333333333, "positionX": 21.34375, "positionY": 12.40625, "crumble": 3.2319391634980987, "slip": 0, "restitution": 1, "friction": 1, "height": 0.3333333333333333}, "hold9": {"width": 0.3333333333333333, "positionX": 20.8125, "positionY": 8.937499999999998, "crumble": 3.2319391634980987, "slip": 0, "restitution": 1, "friction": 1, "height": 0.3333333333333333}, "hold37": {"width": 0.3333333333333333, "positionX": 16.71875, "positionY": 37.84375, "crumble": 3.2319391634980987, "slip": 0, "restitution": 1, "friction": 1, "height": 0.3333333333333333}, "hold39": {"width": 0.3333333333333333, "positionX": 10.125, "positionY": 41.3125, "crumble": 3.2319391634980987, "slip": 0, "restitution": 1, "friction": 1, "height": 0.3333333333333333}, "hold0": {"width": 0.3333333333333333, "positionX": 9.9375, "positionY": 0.5625000000000013, "crumble": 3.2319391634980987, "slip": 0, "restitution": 1, "friction": 1, "height": 0.3333333333333333}, "hold1": {"width": 0.3333333333333333, "positionX": 16.5, "positionY": 0.5312500000000002, "crumble": 3.2319391634980987, "slip": 0, "restitution": 1, "friction": 1, "height": 0.3333333333333333}, "hold2": {"width": 0.3333333333333333, "positionX": 22.6875, "positionY": 0.4375, "crumble": 3.2319391634980987, "slip": 0, "restitution": 1, "friction": 1, "height": 0.3333333333333333}, "hold3": {"width": 0.3333333333333333, "positionX": 23.03125, "positionY": 4.656250000000001, "crumble": 3.2319391634980987, "slip": 0, "restitution": 1, "friction": 1, "height": 0.3333333333333333}, "hold4": {"width": 0.3333333333333333, "positionX": 9.6875, "positionY": 5.062500000000001, "crumble": 3.2319391634980987, "slip": 0, "restitution": 1, "friction": 1, "height": 0.3333333333333333}, "hold5": {"width": 0.3333333333333333, "positionX": 16.3125, "positionY": 4.843749999999999, "crumble": 3.2319391634980987, "slip": 0, "restitution": 1, "friction": 1, "height": 0.3333333333333333}, "hold6": {"width": 0.3333333333333333, "positionX": 11.5, "positionY": 11.125, "crumble": 3.2319391634980987, "slip": 0, "restitution": 1, "friction": 1, "height": 0.3333333333333333}, "hold7": {"width": 0.3333333333333333, "positionX": 11.875, "positionY": 7.125000000000001, "crumble": 3.2319391634980987, "slip": 0, "restitution": 1, "friction": 1, "height": 0.3333333333333333}, "hold12": {"width": 0.3333333333333333, "positionX": 12.78125, "positionY": 13.9375, "crumble": 3.2319391634980987, "slip": 0, "restitution": 1, "friction": 1, "height": 0.3333333333333333}, "hold13": {"width": 0.3333333333333333, "positionX": 19.125, "positionY": 18.59375, "crumble": 3.2319391634980987, "slip": 0, "restitution": 1, "friction": 1, "height": 0.3333333333333333}, "hold10": {"width": 0.3333333333333333, "positionX": 16.59375, "positionY": 12.687500000000002, "crumble": 3.2319391634980987, "slip": 0, "restitution": 1, "friction": 1, "height": 0.3333333333333333}, "hold11": {"width": 0.3333333333333333, "positionX": 10.75, "positionY": 17.625, "crumble": 3.2319391634980987, "slip": 0, "restitution": 1, "friction": 1, "height": 0.3333333333333333}, "hold16": {"width": 0.3333333333333333, "positionX": 19.8125, "positionY": 14.9375, "crumble": 3.2319391634980987, "slip": 0, "restitution": 1, "friction": 1, "height": 0.3333333333333333}, "hold17": {"width": 0.3333333333333333, "positionX": 22.375,