{
	"handholds": {
	"hold8": {
	"width": 0.3333333333333333,
	 "positionX": 17.96875,
	 "positionY": 24.4375,
	 "crumble": 0,
	 "slip": 0,
	 "restitution": 1,
	 "friction": 1,
	 "height": 0.3333333333333333},
	 "hold9": {
	"width": 0.3333333333333333,
	 "positionX": 13.8125,
	 "positionY": 25.59375,
	 "crumble": 0,
	 "slip": 0,
	 "restitution": 1,
	 "friction": 1,
	 "height": 0.3333333333333333},
	 "hold0": {
	"width": 0.3333333333333333,
	 "positionX": 18.875000000000004,
	 "positionY": 6.5625,
	 "crumble": 0,
	 "slip": 0,
	 "restitution": 1,
	 "friction": 1,
	 "height": 0.3333333333333333},
	 "hold1": {
	"width": 0.3333333333333333,
	 "positionX": 14.125,
	 "positionY": 6.718750000000001,
	 "crumble": 0,
	 "slip": 0,
	 "restitution": 1,
	 "friction": 1,
	 "height": 0.3333333333333333},
	 "hold2": {
	"width": 0.3333333333333333,
	 "positionX": 18.03125,
	 "positionY": 11.46875,
	 "crumble": 0,
	 "slip": 0,
	 "restitution": 1,
	 "friction": 1,
	 "height": 0.3333333333333333},
	 "hold3": {
	"width": 0.3333333333333333,
	 "positionX": 14.4375,
	 "positionY": 13.718749999999998,
	 "crumble": 0,
	 "slip": 0,
	 "restitution": 1,
	 "friction": 1,
	 "height": 0.3333333333333333},
	 "hold4": {
	"width": 0.3333333333333333,
	 "positionX": 19.34375,
	 "positionY": 16.84375,
	 "crumble": 0,
	 "slip": 0,
	 "restitution": 1,
	 "friction": 1,
	 "height": 0.3333333333333333},
	 "hold5": {
	"width": 0.3333333333333333,
	 "positionX": 14.75,
	 "positionY": 18.71875,
	 "crumble": 0,
	 "slip": 0,
	 "restitution": 1,
	 "friction": 1,
	 "height": 0.3333333333333333},
	 "hold6": {
	"width": 0.3333333333333333,
	 "positionX": 18.0,
	 "positionY": 20.59375,
	 "crumble": 0,
	 "slip": 0,
	 "restitution": 1,
	 "friction": 1,
	 "height": 0.3333333333333333},
	 "hold7": {
	"width": 0.3333333333333333,
	 "positionX": 14.0625,
	 "positionY": 22.625,
	 "crumble": 0,
	 "slip": 0,
	 "restitution": 1,
	 "friction": 1,
	 "height": 0.3333333333333333},
	 "hold12": {
	"width": 0.3333333333333333,
	 "positionX": 14.25,
	 "positionY": 28.6875,
	 "crumble": 0,
	 "slip": 0,
	 "restitution": 1,
	 "friction": 1,
	 "height": 0.3333333333333333},
	 "hold13": {
	"width": 0.3333333333333333,
	 "positionX": 13.0,
	 "positionY": 31.28125,
	 "crumble": 0,
	 "slip": 0,
	 "restitution": 1,
	 "friction": 1,
	 "height": 0.3333333333333333},
	 "hold10": {
	"width": 0.3333333333333333,
	 "positionX": 17.9375,
	 "positionY": 27.78125,
	 "crumble": 0,
	 "slip": 0,
	 "restitution": 1,
	 "friction": 1,
	 "height": 0.3333333333333333},
	 "hold11": {
	"width": 0.3333333333333333,
	 "positionX": 10.437499999999998,
	 "positionY": 28.4375,
	 "crumble": 0,
	 "slip": 0,
	 "restitution": 1,
	 "friction": 1,
	 "height": 0.3333333333333333},
	 "hold16": {
	"width": 0.3333333333333333,
	 "positionX": 17.09375,
	 "positionY": 31.90625,
	 "crumble": 0,
	 "slip": 0,
	 "restitution": 1,
	 "friction": 1,
	 "height": 0.3333333333333333},
	 "hold14": {
	"width": 0.3333333333333333,
	 "positionX": 12.09375,
	 "positionY": 24.65625,
	 "crumble": 0,
	 "slip": 0,
	 "restitution": 1,
	 "friction": 1,
	 "height": 0.3333333333333333},
	 "hold15": {
	"width": 0.3333333333333333,
	 "positionX": 19.84375,
	 "positionY": 30.65625,
	 "crumble": 0,
	 "slip": 0,
	 "restitution": 1,
	 "friction": 1,
	 "height": 0.3333333333333333}
	 },
	  
	 "obstacles": {
	},
	 "difficulty": "notRanked",
	 "static": {
	"obstacle0": {
	"y": 19.4484011627907,
	 "x": 9.948401162790697,
	 "size": 0.8468992248062016},
	 "obstacle1": {
	"y": 19.8234011627907,
	 "x": 21.135901162790695,
	 "size": 0.8468992248062016}},
	 "id": 1,
	 "size": 34.73202089192446}