{"0" : {"x": 15.4,	
		"y": 4.4399996,
		"e": 13},
"1" : {"x": 16.599998,
"y": 4.4399996,
"e": 14},
"2" : {"x": 12.639999,
"y": 9.225,
"e": 7},
"3" : {"x": 19.359999,
"y": 9.225,
"e": 8},
"4" : {"x": 15.4,
"y": 4.4399996,
"e": 13},
"5" : {"x": 16.599998,
"y": 4.4399996,
"e": 14},
"6" : {"x": 12.639999,
"y": 9.225,
"e": 7},
"7" : {"x": 19.359999,
"y": 9.225,
"e": 8},
"8" : {"x": 15.75,
"y": 12.1875,
"e": 8},
"9" : {"x": 19.359999,
"y": 9.225,
"e": 14},
"10" : {"x": 15.96875,
"y": 8.75,
"e": 13},
"11" : {"x": 15.78125,
"y": 15.125,
"e": 8},
"12" : {"x": 15.78125,
"y": 15.125,
"e": 7},
"13" : {"x": 19.53125,
"y": 12.34375,
"e": 14},
"14" : {"x": 19.53125,
"y": 12.34375,
"e": 13},
"15" : {"x": 19.90625,
"y": 20.15625,
"e": 8},
"16" : {"x": 19.90625,
"y": 20.15625,
"e": 7},
"17" : {"x": 15.78125,
"y": 15.125,
"e": 13},
"18" : {"x": 15.78125,
"y": 15.125,
"e": 14},
"19" : {"x": 13.8125,
"y": 18.3125,
"e": 13},
"20" : {"x": 13.8125,
"y": 18.3125,
"e": 14},
"21" : {"x": 14.375,
"y": 23.125,
"e": 13},
"22" : {"x": 14.375,
"y": 23.125,
"e": 14},
"23" : {"x": 19.59375,
"y": 25.34375,
"e": 7},
"24" : {"x": 19.59375,
"y": 25.34375,
"e": 8},
"25" : {"x": 17.9375,
"y": 29.53125,
"e": 7},
"26" : {"x": 17.9375,
"y": 29.53125,
"e": 8},
"27" : {"x": 19.59375,
"y": 25.34375,
"e": 14},
"28" : {"x": 15.78125,
"y": 28.65625,
"e": 7},
"29" : {"x": 15.78125,
"y": 28.65625,
"e": 7},
"30" : {"x": 16.25,
"y": 31.65625,
"e": 8},
"31" : {"x": 16.25,
"y": 31.65625,
"e": 7},
"32" : {"x": 15.78125,
"y": 28.65625,
"e": 13},
"33" : {"x": 20.03125,
"y": 28.03125,
"e": 14},
"34" : {"x": 0.0, 
		"y": 0.0, 
		"e": 14}

}

