{"0" : {"x": 15.4,
"y": 4.4399996,
"e": 13,
"t": "hold RB and move the Left Joystick to control your right arm"},

"1" : {"x": 16.599998,
"y": 4.4399996,
"e": 14, 
"t": "Great! Now do the same with your right leg (Rt)"},
"2" : {"x": 12.639999,
"y": 9.225,
"e": 7},
"3" : {"x": 19.359999,
"y": 9.225,
"e": 8},
"4" : {"x": 15.4,
"y": 4.4399996,
"e": 13},
"5" : {"x": 16.599998,
"y": 4.4399996,
"e": 14},
"6" : {"x": 12.639999,
"y": 9.225,
"e": 7},
"7" : {"x": 19.359999,
"y": 9.225,
"e": 8},
"8" : {"x": 15.75,
"y": 12.1875,
"e": 8},
"9" : {"x": 17.71875,
"y": 6.78125,
"e": 14},
"10" : {"x": 13.9375,
"y": 5.4375,
"e": 13},
"11" : {"x": 12.125,
"y": 12.53125,
"e": 7},
"12" : {"x": 15.3125,
"y": 7.03125,
"e": 13},
"13" : {"x": 17.59375,
"y": 13.5,
"e": 8},
"15" : {"x": 17.6875,
"y": 10.5,
"e": 14},
"14" : {"x": 15.78125,
"y": 15.125,
"e": 8},
"16" : {"x": 12.639999,
"y": 9.225,
"e": 13},
"17" : {"x": 12.46875,
"y": 15.46875,
"e": 7},
"18" : {"x": 17.6875,
"y": 10.5,
"e": 13},
"19" : {"x": 17.5,
"y": 17.59375,
"e": 8},
"20" : {"x": 19.53125,
"y": 12.34375,
"e": 14},
"21" : {"x": 15.75,
"y": 12.1875,
"e": 13},
"22" : {"x": 13.8125,
"y": 18.3125,
"e": 7},
"23" : {"x": 17.59375,
"y": 13.5,
"e": 13},
"24" : {"x": 15.78125,
"y": 15.125,
"e": 14},
"25" : {"x": 19.90625,
"y": 20.15625,
"e": 8},
"26" : {"x": 15.78125,
"y": 15.125,
"e": 13},
"27" : {"x": 14.375,
"y": 23.125,
"e": 7},
"28" : {"x": 14.375,
"y": 23.125,
"e": 8},
"29" : {"x": 17.5,
"y": 17.59375,
"e": 14},
"30" : {"x": 17.5,
"y": 17.59375,
"e": 13},
"31" : {"x": 19.90625,
"y": 20.15625,
"e": 14},
"32" : {"x": 19.59375,
"y": 25.34375,
"e": 8},
"33" : {"x": 16.09375,
"y": 21.0625,
"e": 13},
"34" : {"x": 15.46875,
"y": 25.71875,
"e": 7},
"35" : {"x": 20.03125,
"y": 28.03125,
"e": 8},
"36" : {"x": 20.03125,
"y": 28.03125,
"e": 7},
"37" : {"x": 14.375,
"y": 23.125,
"e": 14},
"38" : {"x": 12.71875,
"y": 25.875,
"e": 13},
"39" : {"x": 15.78125,
"y": 28.65625,
"e": 14}, 
"40": {"x" : 16.25, "y": 31.65625, "e": 7}, 
"41" : {"x": 15.78125, "y" : 28.65625, "e": 13}, 
"42" : {"x" : 0.0, 
"y" : 0.0, 
"e": 8}
}
